"Event","FrameOffset","Value","SourceCategory","SourceReference"
"000301","0x000","01","protocol constant","proven acknowledgement framing/header constant"
"000301","0x001","0C","recorder RX","RX 01 0C transaction"
"000301","0x002","00","protocol constant","proven acknowledgement framing/header constant"
"000301","0x003","01","protocol constant","proven acknowledgement framing/header constant"
"000301","0x004","01","protocol constant","proven acknowledgement framing/header constant"
"000301","0x005","01","recorder RX","RX 01 0C frame offset 0x004"
"000301","0x006","02","protocol constant","proven acknowledgement framing/header constant"
"000301","0x007","01","protocol constant","proven acknowledgement framing/header constant"
"000301","0x008","02","protocol constant","proven acknowledgement framing/header constant"
"000301","0x009","0C","recorder RX","RX 01 0C transaction"
"000301","0x00A","03","protocol constant","proven acknowledgement framing/header constant"
"000301","0x00B","0C","calculated field/checksum","payload sum modulo 256"
"000301","0x00C","04","protocol constant","proven acknowledgement framing/header constant"
"000312","0x000","01","protocol constant","proven frame/header constant"
"000312","0x001","01","recorder RX","RX 01 02 frame offset 0x003"
"000312","0x002","00","protocol constant","proven frame/header constant"
"000312","0x003","01","recorder RX","RX 01 02 frame offset 0x003"
"000312","0x004","00","recorder RX","RX 01 02 frame offset 0x004"
"000312","0x005","01","recorder RX","RX 01 02 frame offset 0x005"
"000312","0x006","01","recorder RX","RX 01 02 frame offset 0x006"
"000312","0x007","FF","calculated field/checksum","generated payload length"
"000312","0x008","02","protocol constant","proven frame/header constant"
"000312","0x009","02","protocol constant","proven continuous-stream prefix replacement"
"000312","0x00A","56","recorder RX","RX 01 02 payload 0x05"
"000312","0x00B","30","recorder RX","RX 01 02 payload 0x06"
"000312","0x00C","32","recorder RX","RX 01 02 payload 0x07"
"000312","0x00D","2E","recorder RX","RX 01 02 payload 0x08"
"000312","0x00E","30","recorder RX","RX 01 02 payload 0x09"
"000312","0x00F","34","recorder RX","RX 01 02 payload 0x0A"
"000312","0x010","5F","recorder RX","RX 01 02 payload 0x0B"
"000312","0x011","00","recorder RX","RX 01 02 payload 0x0C"
"000312","0x012","30","recorder RX","RX 01 02 payload 0x0D"
"000312","0x013","35","recorder RX","RX 01 02 payload 0x0E"
"000312","0x014","43","recorder RX","RX 01 02 payload 0x0F"
"000312","0x015","30","recorder RX","RX 01 02 payload 0x10"
"000312","0x016","37","recorder RX","RX 01 02 payload 0x11"
"000312","0x017","37","recorder RX","RX 01 02 payload 0x12"
"000312","0x018","00","recorder RX","RX 01 02 payload 0x13"
"000312","0x019","00","recorder RX","RX 01 02 payload 0x14"
"000312","0x01A","37","recorder RX","RX 01 02 payload 0x15"
"000312","0x01B","39","recorder RX","RX 01 02 payload 0x16"
"000312","0x01C","38","recorder RX","RX 01 02 payload 0x17"
"000312","0x01D","30","recorder RX","RX 01 02 payload 0x18"
"000312","0x01E","34","recorder RX","RX 01 02 payload 0x19"
"000312","0x01F","00","recorder RX","RX 01 02 payload 0x1A"
"000312","0x020","00","recorder RX","RX 01 02 payload 0x1B"
"000312","0x021","00","recorder RX","RX 01 02 payload 0x1C"
"000312","0x022","00","recorder RX","RX 01 02 payload 0x1D"
"000312","0x023","00","recorder RX","RX 01 02 payload 0x1E"
"000312","0x024","31","recorder RX","RX 01 02 payload 0x1F"
"000312","0x025","37","recorder RX","RX 01 02 payload 0x20"
"000312","0x026","31","recorder RX","RX 01 02 payload 0x21"
"000312","0x027","38","recorder RX","RX 01 02 payload 0x22"
"000312","0x028","30","recorder RX","RX 01 02 payload 0x23"
"000312","0x029","34","recorder RX","RX 01 02 payload 0x24"
"000312","0x02A","00","recorder RX","RX 01 02 payload 0x25"
"000312","0x02B","31","recorder RX","RX 01 02 payload 0x26"
"000312","0x02C","37","recorder RX","RX 01 02 payload 0x27"
"000312","0x02D","31","recorder RX","RX 01 02 payload 0x28"
"000312","0x02E","00","recorder RX","RX 01 02 payload 0x29"
"000312","0x02F","00","recorder RX","RX 01 02 payload 0x2A"
"000312","0x030","00","recorder RX","RX 01 02 payload 0x2B"
"000312","0x031","00","recorder RX","RX 01 02 payload 0x2C"
"000312","0x032","00","recorder RX","RX 01 02 payload 0x2D"
"000312","0x033","00","recorder RX","RX 01 02 payload 0x2E"
"000312","0x034","00","recorder RX","RX 01 02 payload 0x2F"
"000312","0x035","00","recorder RX","RX 01 02 payload 0x30"
"000312","0x036","00","recorder RX","RX 01 02 payload 0x31"
"000312","0x037","00","recorder RX","RX 01 02 payload 0x32"
"000312","0x038","00","recorder RX","RX 01 02 payload 0x33"
"000312","0x039","00","recorder RX","RX 01 02 payload 0x34"
"000312","0x03A","00","recorder RX","RX 01 02 payload 0x35"
"000312","0x03B","00","recorder RX","RX 01 02 payload 0x36"
"000312","0x03C","00","recorder RX","RX 01 02 payload 0x37"
"000312","0x03D","00","recorder RX","RX 01 02 payload 0x38"
"000312","0x03E","00","recorder RX","RX 01 02 payload 0x39"
"000312","0x03F","00","recorder RX","RX 01 02 payload 0x3A"
"000312","0x040","00","recorder RX","RX 01 02 payload 0x3B"
"000312","0x041","00","recorder RX","RX 01 02 payload 0x3C"
"000312","0x042","00","recorder RX","RX 01 02 payload 0x3D"
"000312","0x043","00","recorder RX","RX 01 02 payload 0x3E"
"000312","0x044","00","recorder RX","RX 01 02 payload 0x3F"
"000312","0x045","00","recorder RX","RX 01 02 payload 0x40"
"000312","0x046","00","recorder RX","RX 01 02 payload 0x41"
"000312","0x047","00","recorder RX","RX 01 02 payload 0x42"
"000312","0x048","00","recorder RX","RX 01 02 payload 0x43"
"000312","0x049","00","recorder RX","RX 01 02 payload 0x44"
"000312","0x04A","00","recorder RX","RX 01 02 payload 0x45"
"000312","0x04B","00","recorder RX","RX 01 02 payload 0x46"
"000312","0x04C","00","recorder RX","RX 01 02 payload 0x47"
"000312","0x04D","00","recorder RX","RX 01 02 payload 0x48"
"000312","0x04E","00","recorder RX","RX 01 02 payload 0x49"
"000312","0x04F","00","recorder RX","RX 01 02 payload 0x4A"
"000312","0x050","00","recorder RX","RX 01 02 payload 0x4B"
"000312","0x051","00","recorder RX","RX 01 02 payload 0x4C"
"000312","0x052","00","recorder RX","RX 01 02 payload 0x4D"
"000312","0x053","05","recorder RX","RX 01 02 payload 0x4E"
"000312","0x054","96","recorder RX","RX 01 02 payload 0x4F"
"000312","0x055","16","recorder RX","RX 01 02 payload 0x50"
"000312","0x056","16","recorder RX","RX 01 02 payload 0x51"
"000312","0x057","16","recorder RX","RX 01 02 payload 0x52"
"000312","0x058","96","recorder RX","RX 01 02 payload 0x53"
"000312","0x059","00","recorder RX","RX 01 02 payload 0x54"
"000312","0x05A","00","recorder RX","RX 01 02 payload 0x55"
"000312","0x05B","00","recorder RX","RX 01 02 payload 0x56"
"000312","0x05C","00","recorder RX","RX 01 02 payload 0x57"
"000312","0x05D","04","recorder RX","RX 01 02 payload 0x58"
"000312","0x05E","42","recorder RX","RX 01 02 payload 0x59"
"000312","0x05F","12","recorder RX","RX 01 02 payload 0x5A"
"000312","0x060","00","recorder RX","RX 01 02 payload 0x5B"
"000312","0x061","00","recorder RX","RX 01 02 payload 0x5C"
"000312","0x062","00","recorder RX","RX 01 02 payload 0x5D"
"000312","0x063","00","recorder RX","RX 01 02 payload 0x5E"
"000312","0x064","00","recorder RX","RX 01 02 payload 0x5F"
"000312","0x065","00","recorder RX","RX 01 02 payload 0x60"
"000312","0x066","00","recorder RX","RX 01 02 payload 0x61"
"000312","0x067","00","recorder RX","RX 01 02 payload 0x62"
"000312","0x068","00","recorder RX","RX 01 02 payload 0x63"
"000312","0x069","00","recorder RX","RX 01 02 payload 0x64"
"000312","0x06A","00","recorder RX","RX 01 02 payload 0x65"
"000312","0x06B","00","recorder RX","RX 01 02 payload 0x66"
"000312","0x06C","00","recorder RX","RX 01 02 payload 0x67"
"000312","0x06D","00","recorder RX","RX 01 02 payload 0x68"
"000312","0x06E","00","recorder RX","RX 01 02 payload 0x69"
"000312","0x06F","00","recorder RX","RX 01 02 payload 0x6A"
"000312","0x070","00","recorder RX","RX 01 02 payload 0x6B"
"000312","0x071","00","recorder RX","RX 01 02 payload 0x6C"
"000312","0x072","00","recorder RX","RX 01 02 payload 0x6D"
"000312","0x073","00","recorder RX","RX 01 02 payload 0x6E"
"000312","0x074","00","recorder RX","RX 01 02 payload 0x6F"
"000312","0x075","00","recorder RX","RX 01 02 payload 0x70"
"000312","0x076","00","recorder RX","RX 01 02 payload 0x71"
"000312","0x077","00","recorder RX","RX 01 02 payload 0x72"
"000312","0x078","00","recorder RX","RX 01 02 payload 0x73"
"000312","0x079","00","recorder RX","RX 01 02 payload 0x74"
"000312","0x07A","00","recorder RX","RX 01 02 payload 0x75"
"000312","0x07B","00","recorder RX","RX 01 02 payload 0x76"
"000312","0x07C","00","recorder RX","RX 01 02 payload 0x77"
"000312","0x07D","00","recorder RX","RX 01 02 payload 0x78"
"000312","0x07E","00","recorder RX","RX 01 02 payload 0x79"
"000312","0x07F","00","recorder RX","RX 01 02 payload 0x7A"
"000312","0x080","00","recorder RX","RX 01 02 payload 0x7B"
"000312","0x081","00","recorder RX","RX 01 02 payload 0x7C"
"000312","0x082","00","recorder RX","RX 01 02 payload 0x7D"
"000312","0x083","00","recorder RX","RX 01 02 payload 0x7E"
"000312","0x084","00","recorder RX","RX 01 02 payload 0x7F"
"000312","0x085","00","recorder RX","RX 01 02 payload 0x80"
"000312","0x086","03","recorder RX","RX 01 02 payload 0x81"
"000312","0x087","34","recorder RX","RX 01 02 payload 0x82"
"000312","0x088","03","recorder RX","RX 01 02 payload 0x83"
"000312","0x089","34","recorder RX","RX 01 02 payload 0x84"
"000312","0x08A","28","recorder RX","RX 01 02 payload 0x85"
"000312","0x08B","FA","selected CCF","CCF 0x0231 transformed as (FE-value) mod 256"
"000312","0x08C","00","recorder RX","RX 01 02 payload 0x87"
"000312","0x08D","00","recorder RX","RX 01 02 payload 0x88"
"000312","0x08E","00","recorder RX","RX 01 02 payload 0x89"
"000312","0x08F","00","recorder RX","RX 01 02 payload 0x8A"
"000312","0x090","00","recorder RX","RX 01 02 payload 0x8B"
"000312","0x091","00","recorder RX","RX 01 02 payload 0x8C"
"000312","0x092","00","recorder RX","RX 01 02 payload 0x8D"
"000312","0x093","00","recorder RX","RX 01 02 payload 0x8E"
"000312","0x094","00","recorder RX","RX 01 02 payload 0x8F"
"000312","0x095","00","recorder RX","RX 01 02 payload 0x90"
"000312","0x096","00","recorder RX","RX 01 02 payload 0x91"
"000312","0x097","00","recorder RX","RX 01 02 payload 0x92"
"000312","0x098","00","recorder RX","RX 01 02 payload 0x93"
"000312","0x099","00","recorder RX","RX 01 02 payload 0x94"
"000312","0x09A","00","recorder RX","RX 01 02 payload 0x95"
"000312","0x09B","00","recorder RX","RX 01 02 payload 0x96"
"000312","0x09C","00","recorder RX","RX 01 02 payload 0x97"
"000312","0x09D","00","recorder RX","RX 01 02 payload 0x98"
"000312","0x09E","00","recorder RX","RX 01 02 payload 0x99"
"000312","0x09F","00","recorder RX","RX 01 02 payload 0x9A"
"000312","0x0A0","00","recorder RX","RX 01 02 payload 0x9B"
"000312","0x0A1","00","recorder RX","RX 01 02 payload 0x9C"
"000312","0x0A2","20","recorder RX","RX 01 02 payload 0x9D"
"000312","0x0A3","00","recorder RX","RX 01 02 payload 0x9E"
"000312","0x0A4","00","recorder RX","RX 01 02 payload 0x9F"
"000312","0x0A5","00","recorder RX","RX 01 02 payload 0xA0"
"000312","0x0A6","00","recorder RX","RX 01 02 payload 0xA1"
"000312","0x0A7","00","recorder RX","RX 01 02 payload 0xA2"
"000312","0x0A8","00","recorder RX","RX 01 02 payload 0xA3"
"000312","0x0A9","40","recorder RX","RX 01 02 payload 0xA4"
"000312","0x0AA","1F","recorder RX","RX 01 02 payload 0xA5"
"000312","0x0AB","00","recorder RX","RX 01 02 payload 0xA6"
"000312","0x0AC","00","recorder RX","RX 01 02 payload 0xA7"
"000312","0x0AD","00","recorder RX","RX 01 02 payload 0xA8"
"000312","0x0AE","30","recorder RX","RX 01 02 payload 0xA9"
"000312","0x0AF","30","recorder RX","RX 01 02 payload 0xAA"
"000312","0x0B0","00","recorder RX","RX 01 02 payload 0xAB"
"000312","0x0B1","00","recorder RX","RX 01 02 payload 0xAC"
"000312","0x0B2","00","recorder RX","RX 01 02 payload 0xAD"
"000312","0x0B3","00","recorder RX","RX 01 02 payload 0xAE"
"000312","0x0B4","80","recorder RX","RX 01 02 payload 0xAF"
"000312","0x0B5","00","recorder RX","RX 01 02 payload 0xB0"
"000312","0x0B6","14","recorder RX","RX 01 02 payload 0xB1"
"000312","0x0B7","78","recorder RX","RX 01 02 payload 0xB2"
"000312","0x0B8","02","recorder RX","RX 01 02 payload 0xB3"
"000312","0x0B9","00","recorder RX","RX 01 02 payload 0xB4"
"000312","0x0BA","64","recorder RX","RX 01 02 payload 0xB5"
"000312","0x0BB","07","recorder RX","RX 01 02 payload 0xB6"
"000312","0x0BC","08","recorder RX","RX 01 02 payload 0xB7"
"000312","0x0BD","03","selected CCF","CCF 0x0263 transformed as (03-value) mod 256"
"000312","0x0BE","05","recorder RX","RX 01 02 payload 0xB9"
"000312","0x0BF","00","recorder RX","RX 01 02 payload 0xBA"
"000312","0x0C0","00","recorder RX","RX 01 02 payload 0xBB"
"000312","0x0C1","00","recorder RX","RX 01 02 payload 0xBC"
"000312","0x0C2","00","recorder RX","RX 01 02 payload 0xBD"
"000312","0x0C3","00","recorder RX","RX 01 02 payload 0xBE"
"000312","0x0C4","00","recorder RX","RX 01 02 payload 0xBF"
"000312","0x0C5","00","recorder RX","RX 01 02 payload 0xC0"
"000312","0x0C6","00","recorder RX","RX 01 02 payload 0xC1"
"000312","0x0C7","00","recorder RX","RX 01 02 payload 0xC2"
"000312","0x0C8","00","recorder RX","RX 01 02 payload 0xC3"
"000312","0x0C9","00","recorder RX","RX 01 02 payload 0xC4"
"000312","0x0CA","00","recorder RX","RX 01 02 payload 0xC5"
"000312","0x0CB","00","recorder RX","RX 01 02 payload 0xC6"
"000312","0x0CC","00","recorder RX","RX 01 02 payload 0xC7"
"000312","0x0CD","00","recorder RX","RX 01 02 payload 0xC8"
"000312","0x0CE","00","recorder RX","RX 01 02 payload 0xC9"
"000312","0x0CF","00","recorder RX","RX 01 02 payload 0xCA"
"000312","0x0D0","00","recorder RX","RX 01 02 payload 0xCB"
"000312","0x0D1","00","recorder RX","RX 01 02 payload 0xCC"
"000312","0x0D2","00","recorder RX","RX 01 02 payload 0xCD"
"000312","0x0D3","00","recorder RX","RX 01 02 payload 0xCE"
"000312","0x0D4","00","recorder RX","RX 01 02 payload 0xCF"
"000312","0x0D5","00","recorder RX","RX 01 02 payload 0xD0"
"000312","0x0D6","00","recorder RX","RX 01 02 payload 0xD1"
"000312","0x0D7","00","recorder RX","RX 01 02 payload 0xD2"
"000312","0x0D8","00","recorder RX","RX 01 02 payload 0xD3"
"000312","0x0D9","00","recorder RX","RX 01 02 payload 0xD4"
"000312","0x0DA","00","recorder RX","RX 01 02 payload 0xD5"
"000312","0x0DB","00","recorder RX","RX 01 02 payload 0xD6"
"000312","0x0DC","00","recorder RX","RX 01 02 payload 0xD7"
"000312","0x0DD","00","recorder RX","RX 01 02 payload 0xD8"
"000312","0x0DE","00","recorder RX","RX 01 02 payload 0xD9"
"000312","0x0DF","00","recorder RX","RX 01 02 payload 0xDA"
"000312","0x0E0","00","recorder RX","RX 01 02 payload 0xDB"
"000312","0x0E1","00","recorder RX","RX 01 02 payload 0xDC"
"000312","0x0E2","00","recorder RX","RX 01 02 payload 0xDD"
"000312","0x0E3","00","recorder RX","RX 01 02 payload 0xDE"
"000312","0x0E4","00","recorder RX","RX 01 02 payload 0xDF"
"000312","0x0E5","00","recorder RX","RX 01 02 payload 0xE0"
"000312","0x0E6","00","recorder RX","RX 01 02 payload 0xE1"
"000312","0x0E7","00","recorder RX","RX 01 02 payload 0xE2"
"000312","0x0E8","00","recorder RX","RX 01 02 payload 0xE3"
"000312","0x0E9","00","recorder RX","RX 01 02 payload 0xE4"
"000312","0x0EA","00","recorder RX","RX 01 02 payload 0xE5"
"000312","0x0EB","00","recorder RX","RX 01 02 payload 0xE6"
"000312","0x0EC","00","recorder RX","RX 01 02 payload 0xE7"
"000312","0x0ED","00","recorder RX","RX 01 02 payload 0xE8"
"000312","0x0EE","00","recorder RX","RX 01 02 payload 0xE9"
"000312","0x0EF","00","recorder RX","RX 01 02 payload 0xEA"
"000312","0x0F0","00","recorder RX","RX 01 02 payload 0xEB"
"000312","0x0F1","00","recorder RX","RX 01 02 payload 0xEC"
"000312","0x0F2","00","recorder RX","RX 01 02 payload 0xED"
"000312","0x0F3","00","recorder RX","RX 01 02 payload 0xEE"
"000312","0x0F4","00","recorder RX","RX 01 02 payload 0xEF"
"000312","0x0F5","00","recorder RX","RX 01 02 payload 0xF0"
"000312","0x0F6","00","recorder RX","RX 01 02 payload 0xF1"
"000312","0x0F7","00","recorder RX","RX 01 02 payload 0xF2"
"000312","0x0F8","00","recorder RX","RX 01 02 payload 0xF3"
"000312","0x0F9","00","recorder RX","RX 01 02 payload 0xF4"
"000312","0x0FA","00","recorder RX","RX 01 02 payload 0xF5"
"000312","0x0FB","00","recorder RX","RX 01 02 payload 0xF6"
"000312","0x0FC","00","recorder RX","RX 01 02 payload 0xF7"
"000312","0x0FD","00","recorder RX","RX 01 02 payload 0xF8"
"000312","0x0FE","00","recorder RX","RX 01 02 payload 0xF9"
"000312","0x0FF","00","recorder RX","RX 01 02 payload 0xFA"
"000312","0x100","00","recorder RX","RX 01 02 payload 0xFB"
"000312","0x101","00","recorder RX","RX 01 02 payload 0xFC"
"000312","0x102","00","recorder RX","RX 01 02 payload 0xFD"
"000312","0x103","00","recorder RX","RX 01 02 payload 0xFE"
"000312","0x104","00","recorder RX","RX 01 04 payload 0x00"
"000312","0x105","00","recorder RX","RX 01 04 payload 0x01"
"000312","0x106","00","recorder RX","RX 01 04 payload 0x02"
"000312","0x107","00","recorder RX","RX 01 04 payload 0x03"
"000312","0x108","03","protocol constant","proven frame/header constant"
"000312","0x109","8E","calculated field/checksum","payload sum modulo 256"
"000312","0x10A","04","protocol constant","proven frame/header constant"
"000335","0x000","01","protocol constant","proven frame/header constant"
"000335","0x001","02","recorder RX","RX 01 04 frame offset 0x003"
"000335","0x002","00","protocol constant","proven frame/header constant"
"000335","0x003","02","recorder RX","RX 01 04 frame offset 0x003"
"000335","0x004","00","recorder RX","RX 01 04 frame offset 0x004"
"000335","0x005","01","recorder RX","RX 01 04 frame offset 0x005"
"000335","0x006","01","recorder RX","RX 01 04 frame offset 0x006"
"000335","0x007","FF","calculated field/checksum","generated payload length"
"000335","0x008","02","protocol constant","proven frame/header constant"
"000335","0x009","00","recorder RX","RX 01 04 payload 0x04"
"000335","0x00A","00","recorder RX","RX 01 04 payload 0x05"
"000335","0x00B","00","recorder RX","RX 01 04 payload 0x06"
"000335","0x00C","00","recorder RX","RX 01 04 payload 0x07"
"000335","0x00D","00","recorder RX","RX 01 04 payload 0x08"
"000335","0x00E","00","recorder RX","RX 01 04 payload 0x09"
"000335","0x00F","00","recorder RX","RX 01 04 payload 0x0A"
"000335","0x010","00","recorder RX","RX 01 04 payload 0x0B"
"000335","0x011","00","recorder RX","RX 01 04 payload 0x0C"
"000335","0x012","00","recorder RX","RX 01 04 payload 0x0D"
"000335","0x013","00","recorder RX","RX 01 04 payload 0x0E"
"000335","0x014","00","recorder RX","RX 01 04 payload 0x0F"
"000335","0x015","00","recorder RX","RX 01 04 payload 0x10"
"000335","0x016","00","recorder RX","RX 01 04 payload 0x11"
"000335","0x017","00","recorder RX","RX 01 04 payload 0x12"
"000335","0x018","00","recorder RX","RX 01 04 payload 0x13"
"000335","0x019","00","recorder RX","RX 01 04 payload 0x14"
"000335","0x01A","00","recorder RX","RX 01 04 payload 0x15"
"000335","0x01B","00","recorder RX","RX 01 04 payload 0x16"
"000335","0x01C","00","recorder RX","RX 01 04 payload 0x17"
"000335","0x01D","00","recorder RX","RX 01 04 payload 0x18"
"000335","0x01E","00","recorder RX","RX 01 04 payload 0x19"
"000335","0x01F","00","recorder RX","RX 01 04 payload 0x1A"
"000335","0x020","00","recorder RX","RX 01 04 payload 0x1B"
"000335","0x021","00","recorder RX","RX 01 04 payload 0x1C"
"000335","0x022","00","recorder RX","RX 01 04 payload 0x1D"
"000335","0x023","00","recorder RX","RX 01 04 payload 0x1E"
"000335","0x024","00","recorder RX","RX 01 04 payload 0x1F"
"000335","0x025","00","recorder RX","RX 01 04 payload 0x20"
"000335","0x026","00","recorder RX","RX 01 04 payload 0x21"
"000335","0x027","00","recorder RX","RX 01 04 payload 0x22"
"000335","0x028","00","recorder RX","RX 01 04 payload 0x23"
"000335","0x029","00","recorder RX","RX 01 04 payload 0x24"
"000335","0x02A","00","recorder RX","RX 01 04 payload 0x25"
"000335","0x02B","00","recorder RX","RX 01 04 payload 0x26"
"000335","0x02C","00","recorder RX","RX 01 04 payload 0x27"
"000335","0x02D","00","recorder RX","RX 01 04 payload 0x28"
"000335","0x02E","00","recorder RX","RX 01 04 payload 0x29"
"000335","0x02F","00","recorder RX","RX 01 04 payload 0x2A"
"000335","0x030","00","recorder RX","RX 01 04 payload 0x2B"
"000335","0x031","00","recorder RX","RX 01 04 payload 0x2C"
"000335","0x032","00","recorder RX","RX 01 04 payload 0x2D"
"000335","0x033","00","recorder RX","RX 01 04 payload 0x2E"
"000335","0x034","00","recorder RX","RX 01 04 payload 0x2F"
"000335","0x035","00","recorder RX","RX 01 04 payload 0x30"
"000335","0x036","00","recorder RX","RX 01 04 payload 0x31"
"000335","0x037","00","recorder RX","RX 01 04 payload 0x32"
"000335","0x038","00","recorder RX","RX 01 04 payload 0x33"
"000335","0x039","00","recorder RX","RX 01 04 payload 0x34"
"000335","0x03A","00","recorder RX","RX 01 04 payload 0x35"
"000335","0x03B","00","recorder RX","RX 01 04 payload 0x36"
"000335","0x03C","00","recorder RX","RX 01 04 payload 0x37"
"000335","0x03D","00","recorder RX","RX 01 04 payload 0x38"
"000335","0x03E","00","recorder RX","RX 01 04 payload 0x39"
"000335","0x03F","00","recorder RX","RX 01 04 payload 0x3A"
"000335","0x040","00","recorder RX","RX 01 04 payload 0x3B"
"000335","0x041","00","recorder RX","RX 01 04 payload 0x3C"
"000335","0x042","00","recorder RX","RX 01 04 payload 0x3D"
"000335","0x043","00","recorder RX","RX 01 04 payload 0x3E"
"000335","0x044","00","recorder RX","RX 01 04 payload 0x3F"
"000335","0x045","00","recorder RX","RX 01 04 payload 0x40"
"000335","0x046","00","recorder RX","RX 01 04 payload 0x41"
"000335","0x047","00","recorder RX","RX 01 04 payload 0x42"
"000335","0x048","00","recorder RX","RX 01 04 payload 0x43"
"000335","0x049","00","recorder RX","RX 01 04 payload 0x44"
"000335","0x04A","00","recorder RX","RX 01 04 payload 0x45"
"000335","0x04B","00","recorder RX","RX 01 04 payload 0x46"
"000335","0x04C","04","recorder RX","RX 01 04 payload 0x47"
"000335","0x04D","06","recorder RX","RX 01 04 payload 0x48"
"000335","0x04E","00","recorder RX","RX 01 04 payload 0x49"
"000335","0x04F","00","recorder RX","RX 01 04 payload 0x4A"
"000335","0x050","00","recorder RX","RX 01 04 payload 0x4B"
"000335","0x051","00","recorder RX","RX 01 04 payload 0x4C"
"000335","0x052","00","recorder RX","RX 01 04 payload 0x4D"
"000335","0x053","00","recorder RX","RX 01 04 payload 0x4E"
"000335","0x054","00","recorder RX","RX 01 04 payload 0x4F"
"000335","0x055","00","recorder RX","RX 01 04 payload 0x50"
"000335","0x056","00","recorder RX","RX 01 04 payload 0x51"
"000335","0x057","00","recorder RX","RX 01 04 payload 0x52"
"000335","0x058","00","recorder RX","RX 01 04 payload 0x53"
"000335","0x059","00","recorder RX","RX 01 04 payload 0x54"
"000335","0x05A","00","recorder RX","RX 01 04 payload 0x55"
"000335","0x05B","00","recorder RX","RX 01 04 payload 0x56"
"000335","0x05C","00","recorder RX","RX 01 04 payload 0x57"
"000335","0x05D","00","recorder RX","RX 01 04 payload 0x58"
"000335","0x05E","00","recorder RX","RX 01 04 payload 0x59"
"000335","0x05F","00","recorder RX","RX 01 04 payload 0x5A"
"000335","0x060","00","recorder RX","RX 01 04 payload 0x5B"
"000335","0x061","00","recorder RX","RX 01 04 payload 0x5C"
"000335","0x062","00","recorder RX","RX 01 04 payload 0x5D"
"000335","0x063","00","recorder RX","RX 01 04 payload 0x5E"
"000335","0x064","00","recorder RX","RX 01 04 payload 0x5F"
"000335","0x065","00","recorder RX","RX 01 04 payload 0x60"
"000335","0x066","00","recorder RX","RX 01 04 payload 0x61"
"000335","0x067","00","recorder RX","RX 01 04 payload 0x62"
"000335","0x068","00","recorder RX","RX 01 04 payload 0x63"
"000335","0x069","00","recorder RX","RX 01 04 payload 0x64"
"000335","0x06A","00","recorder RX","RX 01 04 payload 0x65"
"000335","0x06B","00","recorder RX","RX 01 04 payload 0x66"
"000335","0x06C","00","recorder RX","RX 01 04 payload 0x67"
"000335","0x06D","00","recorder RX","RX 01 04 payload 0x68"
"000335","0x06E","00","recorder RX","RX 01 04 payload 0x69"
"000335","0x06F","00","recorder RX","RX 01 04 payload 0x6A"
"000335","0x070","00","recorder RX","RX 01 04 payload 0x6B"
"000335","0x071","00","recorder RX","RX 01 04 payload 0x6C"
"000335","0x072","00","recorder RX","RX 01 04 payload 0x6D"
"000335","0x073","00","recorder RX","RX 01 04 payload 0x6E"
"000335","0x074","00","recorder RX","RX 01 04 payload 0x6F"
"000335","0x075","00","recorder RX","RX 01 04 payload 0x70"
"000335","0x076","00","recorder RX","RX 01 04 payload 0x71"
"000335","0x077","03","recorder RX","RX 01 04 payload 0x72"
"000335","0x078","02","recorder RX","RX 01 04 payload 0x73"
"000335","0x079","00","recorder RX","RX 01 04 payload 0x74"
"000335","0x07A","00","recorder RX","RX 01 04 payload 0x75"
"000335","0x07B","00","recorder RX","RX 01 04 payload 0x76"
"000335","0x07C","00","recorder RX","RX 01 04 payload 0x77"
"000335","0x07D","00","recorder RX","RX 01 04 payload 0x78"
"000335","0x07E","00","recorder RX","RX 01 04 payload 0x79"
"000335","0x07F","03","recorder RX","RX 01 04 payload 0x7A"
"000335","0x080","02","recorder RX","RX 01 04 payload 0x7B"
"000335","0x081","00","recorder RX","RX 01 04 payload 0x7C"
"000335","0x082","00","recorder RX","RX 01 04 payload 0x7D"
"000335","0x083","00","recorder RX","RX 01 04 payload 0x7E"
"000335","0x084","00","recorder RX","RX 01 04 payload 0x7F"
"000335","0x085","00","recorder RX","RX 01 04 payload 0x80"
"000335","0x086","00","recorder RX","RX 01 04 payload 0x81"
"000335","0x087","03","recorder RX","RX 01 04 payload 0x82"
"000335","0x088","02","recorder RX","RX 01 04 payload 0x83"
"000335","0x089","00","recorder RX","RX 01 04 payload 0x84"
"000335","0x08A","00","recorder RX","RX 01 04 payload 0x85"
"000335","0x08B","00","recorder RX","RX 01 04 payload 0x86"
"000335","0x08C","00","recorder RX","RX 01 04 payload 0x87"
"000335","0x08D","00","recorder RX","RX 01 04 payload 0x88"
"000335","0x08E","00","recorder RX","RX 01 04 payload 0x89"
"000335","0x08F","03","recorder RX","RX 01 04 payload 0x8A"
"000335","0x090","02","recorder RX","RX 01 04 payload 0x8B"
"000335","0x091","00","recorder RX","RX 01 04 payload 0x8C"
"000335","0x092","00","recorder RX","RX 01 04 payload 0x8D"
"000335","0x093","00","recorder RX","RX 01 04 payload 0x8E"
"000335","0x094","00","recorder RX","RX 01 04 payload 0x8F"
"000335","0x095","00","recorder RX","RX 01 04 payload 0x90"
"000335","0x096","00","recorder RX","RX 01 04 payload 0x91"
"000335","0x097","03","recorder RX","RX 01 04 payload 0x92"
"000335","0x098","02","recorder RX","RX 01 04 payload 0x93"
"000335","0x099","00","recorder RX","RX 01 04 payload 0x94"
"000335","0x09A","00","recorder RX","RX 01 04 payload 0x95"
"000335","0x09B","00","recorder RX","RX 01 04 payload 0x96"
"000335","0x09C","00","recorder RX","RX 01 04 payload 0x97"
"000335","0x09D","00","recorder RX","RX 01 04 payload 0x98"
"000335","0x09E","00","recorder RX","RX 01 04 payload 0x99"
"000335","0x09F","03","recorder RX","RX 01 04 payload 0x9A"
"000335","0x0A0","02","recorder RX","RX 01 04 payload 0x9B"
"000335","0x0A1","00","recorder RX","RX 01 04 payload 0x9C"
"000335","0x0A2","00","recorder RX","RX 01 04 payload 0x9D"
"000335","0x0A3","00","recorder RX","RX 01 04 payload 0x9E"
"000335","0x0A4","00","recorder RX","RX 01 04 payload 0x9F"
"000335","0x0A5","00","recorder RX","RX 01 04 payload 0xA0"
"000335","0x0A6","00","recorder RX","RX 01 04 payload 0xA1"
"000335","0x0A7","03","recorder RX","RX 01 04 payload 0xA2"
"000335","0x0A8","02","recorder RX","RX 01 04 payload 0xA3"
"000335","0x0A9","00","recorder RX","RX 01 04 payload 0xA4"
"000335","0x0AA","00","recorder RX","RX 01 04 payload 0xA5"
"000335","0x0AB","00","recorder RX","RX 01 04 payload 0xA6"
"000335","0x0AC","00","recorder RX","RX 01 04 payload 0xA7"
"000335","0x0AD","00","recorder RX","RX 01 04 payload 0xA8"
"000335","0x0AE","00","recorder RX","RX 01 04 payload 0xA9"
"000335","0x0AF","03","recorder RX","RX 01 04 payload 0xAA"
"000335","0x0B0","02","recorder RX","RX 01 04 payload 0xAB"
"000335","0x0B1","00","recorder RX","RX 01 04 payload 0xAC"
"000335","0x0B2","00","recorder RX","RX 01 04 payload 0xAD"
"000335","0x0B3","00","recorder RX","RX 01 04 payload 0xAE"
"000335","0x0B4","00","recorder RX","RX 01 04 payload 0xAF"
"000335","0x0B5","00","recorder RX","RX 01 04 payload 0xB0"
"000335","0x0B6","00","recorder RX","RX 01 04 payload 0xB1"
"000335","0x0B7","03","recorder RX","RX 01 04 payload 0xB2"
"000335","0x0B8","02","recorder RX","RX 01 04 payload 0xB3"
"000335","0x0B9","00","recorder RX","RX 01 04 payload 0xB4"
"000335","0x0BA","00","recorder RX","RX 01 04 payload 0xB5"
"000335","0x0BB","00","recorder RX","RX 01 04 payload 0xB6"
"000335","0x0BC","00","recorder RX","RX 01 04 payload 0xB7"
"000335","0x0BD","00","recorder RX","RX 01 04 payload 0xB8"
"000335","0x0BE","00","recorder RX","RX 01 04 payload 0xB9"
"000335","0x0BF","03","recorder RX","RX 01 04 payload 0xBA"
"000335","0x0C0","02","recorder RX","RX 01 04 payload 0xBB"
"000335","0x0C1","00","recorder RX","RX 01 04 payload 0xBC"
"000335","0x0C2","00","recorder RX","RX 01 04 payload 0xBD"
"000335","0x0C3","00","recorder RX","RX 01 04 payload 0xBE"
"000335","0x0C4","00","recorder RX","RX 01 04 payload 0xBF"
"000335","0x0C5","00","recorder RX","RX 01 04 payload 0xC0"
"000335","0x0C6","00","recorder RX","RX 01 04 payload 0xC1"
"000335","0x0C7","03","recorder RX","RX 01 04 payload 0xC2"
"000335","0x0C8","02","recorder RX","RX 01 04 payload 0xC3"
"000335","0x0C9","00","recorder RX","RX 01 04 payload 0xC4"
"000335","0x0CA","00","recorder RX","RX 01 04 payload 0xC5"
"000335","0x0CB","00","recorder RX","RX 01 04 payload 0xC6"
"000335","0x0CC","00","recorder RX","RX 01 04 payload 0xC7"
"000335","0x0CD","00","recorder RX","RX 01 04 payload 0xC8"
"000335","0x0CE","00","recorder RX","RX 01 04 payload 0xC9"
"000335","0x0CF","03","recorder RX","RX 01 04 payload 0xCA"
"000335","0x0D0","02","recorder RX","RX 01 04 payload 0xCB"
"000335","0x0D1","00","recorder RX","RX 01 04 payload 0xCC"
"000335","0x0D2","00","recorder RX","RX 01 04 payload 0xCD"
"000335","0x0D3","00","recorder RX","RX 01 04 payload 0xCE"
"000335","0x0D4","00","recorder RX","RX 01 04 payload 0xCF"
"000335","0x0D5","00","recorder RX","RX 01 04 payload 0xD0"
"000335","0x0D6","00","recorder RX","RX 01 04 payload 0xD1"
"000335","0x0D7","01","recorder RX","RX 01 04 payload 0xD2"
"000335","0x0D8","06","recorder RX","RX 01 04 payload 0xD3"
"000335","0x0D9","00","recorder RX","RX 01 04 payload 0xD4"
"000335","0x0DA","00","recorder RX","RX 01 04 payload 0xD5"
"000335","0x0DB","00","recorder RX","RX 01 04 payload 0xD6"
"000335","0x0DC","00","recorder RX","RX 01 04 payload 0xD7"
"000335","0x0DD","00","recorder RX","RX 01 04 payload 0xD8"
"000335","0x0DE","00","recorder RX","RX 01 04 payload 0xD9"
"000335","0x0DF","00","recorder RX","RX 01 04 payload 0xDA"
"000335","0x0E0","00","recorder RX","RX 01 04 payload 0xDB"
"000335","0x0E1","00","recorder RX","RX 01 04 payload 0xDC"
"000335","0x0E2","00","recorder RX","RX 01 04 payload 0xDD"
"000335","0x0E3","00","recorder RX","RX 01 04 payload 0xDE"
"000335","0x0E4","00","recorder RX","RX 01 04 payload 0xDF"
"000335","0x0E5","00","recorder RX","RX 01 04 payload 0xE0"
"000335","0x0E6","00","recorder RX","RX 01 04 payload 0xE1"
"000335","0x0E7","00","recorder RX","RX 01 04 payload 0xE2"
"000335","0x0E8","00","recorder RX","RX 01 04 payload 0xE3"
"000335","0x0E9","00","recorder RX","RX 01 04 payload 0xE4"
"000335","0x0EA","00","recorder RX","RX 01 04 payload 0xE5"
"000335","0x0EB","00","recorder RX","RX 01 04 payload 0xE6"
"000335","0x0EC","00","recorder RX","RX 01 04 payload 0xE7"
"000335","0x0ED","00","recorder RX","RX 01 04 payload 0xE8"
"000335","0x0EE","00","recorder RX","RX 01 04 payload 0xE9"
"000335","0x0EF","00","recorder RX","RX 01 04 payload 0xEA"
"000335","0x0F0","00","recorder RX","RX 01 04 payload 0xEB"
"000335","0x0F1","00","recorder RX","RX 01 04 payload 0xEC"
"000335","0x0F2","00","recorder RX","RX 01 04 payload 0xED"
"000335","0x0F3","00","recorder RX","RX 01 04 payload 0xEE"
"000335","0x0F4","00","recorder RX","RX 01 04 payload 0xEF"
"000335","0x0F5","00","recorder RX","RX 01 04 payload 0xF0"
"000335","0x0F6","00","recorder RX","RX 01 04 payload 0xF1"
"000335","0x0F7","00","recorder RX","RX 01 04 payload 0xF2"
"000335","0x0F8","00","recorder RX","RX 01 04 payload 0xF3"
"000335","0x0F9","00","recorder RX","RX 01 04 payload 0xF4"
"000335","0x0FA","00","recorder RX","RX 01 04 payload 0xF5"
"000335","0x0FB","00","recorder RX","RX 01 04 payload 0xF6"
"000335","0x0FC","00","recorder RX","RX 01 04 payload 0xF7"
"000335","0x0FD","00","recorder RX","RX 01 04 payload 0xF8"
"000335","0x0FE","00","recorder RX","RX 01 04 payload 0xF9"
"000335","0x0FF","03","recorder RX","RX 01 04 payload 0xFA"
"000335","0x100","02","recorder RX","RX 01 04 payload 0xFB"
"000335","0x101","00","recorder RX","RX 01 04 payload 0xFC"
"000335","0x102","00","recorder RX","RX 01 04 payload 0xFD"
"000335","0x103","00","recorder RX","RX 01 04 payload 0xFE"
"000335","0x104","00","recorder RX","RX 01 06 payload 0x00"
"000335","0x105","00","recorder RX","RX 01 06 payload 0x01"
"000335","0x106","00","recorder RX","RX 01 06 payload 0x02"
"000335","0x107","03","recorder RX","RX 01 06 payload 0x03"
"000335","0x108","03","protocol constant","proven frame/header constant"
"000335","0x109","55","calculated field/checksum","payload sum modulo 256"
"000335","0x10A","04","protocol constant","proven frame/header constant"
"000357","0x000","01","protocol constant","proven frame/header constant"
"000357","0x001","03","recorder RX","RX 01 06 frame offset 0x003"
"000357","0x002","00","protocol constant","proven frame/header constant"
"000357","0x003","03","recorder RX","RX 01 06 frame offset 0x003"
"000357","0x004","00","recorder RX","RX 01 06 frame offset 0x004"
"000357","0x005","01","recorder RX","RX 01 06 frame offset 0x005"
"000357","0x006","01","recorder RX","RX 01 06 frame offset 0x006"
"000357","0x007","FF","calculated field/checksum","generated payload length"
"000357","0x008","02","protocol constant","proven frame/header constant"
"000357","0x009","02","recorder RX","RX 01 06 payload 0x04"
"000357","0x00A","00","recorder RX","RX 01 06 payload 0x05"
"000357","0x00B","00","recorder RX","RX 01 06 payload 0x06"
"000357","0x00C","00","recorder RX","RX 01 06 payload 0x07"
"000357","0x00D","00","recorder RX","RX 01 06 payload 0x08"
"000357","0x00E","00","recorder RX","RX 01 06 payload 0x09"
"000357","0x00F","00","recorder RX","RX 01 06 payload 0x0A"
"000357","0x010","03","recorder RX","RX 01 06 payload 0x0B"
"000357","0x011","02","recorder RX","RX 01 06 payload 0x0C"
"000357","0x012","00","recorder RX","RX 01 06 payload 0x0D"
"000357","0x013","00","recorder RX","RX 01 06 payload 0x0E"
"000357","0x014","00","recorder RX","RX 01 06 payload 0x0F"
"000357","0x015","00","recorder RX","RX 01 06 payload 0x10"
"000357","0x016","00","recorder RX","RX 01 06 payload 0x11"
"000357","0x017","00","recorder RX","RX 01 06 payload 0x12"
"000357","0x018","03","recorder RX","RX 01 06 payload 0x13"
"000357","0x019","02","recorder RX","RX 01 06 payload 0x14"
"000357","0x01A","00","recorder RX","RX 01 06 payload 0x15"
"000357","0x01B","00","recorder RX","RX 01 06 payload 0x16"
"000357","0x01C","00","recorder RX","RX 01 06 payload 0x17"
"000357","0x01D","00","recorder RX","RX 01 06 payload 0x18"
"000357","0x01E","00","recorder RX","RX 01 06 payload 0x19"
"000357","0x01F","00","recorder RX","RX 01 06 payload 0x1A"
"000357","0x020","03","recorder RX","RX 01 06 payload 0x1B"
"000357","0x021","02","recorder RX","RX 01 06 payload 0x1C"
"000357","0x022","00","recorder RX","RX 01 06 payload 0x1D"
"000357","0x023","00","recorder RX","RX 01 06 payload 0x1E"
"000357","0x024","00","recorder RX","RX 01 06 payload 0x1F"
"000357","0x025","00","recorder RX","RX 01 06 payload 0x20"
"000357","0x026","00","recorder RX","RX 01 06 payload 0x21"
"000357","0x027","00","recorder RX","RX 01 06 payload 0x22"
"000357","0x028","03","recorder RX","RX 01 06 payload 0x23"
"000357","0x029","02","recorder RX","RX 01 06 payload 0x24"
"000357","0x02A","00","recorder RX","RX 01 06 payload 0x25"
"000357","0x02B","00","recorder RX","RX 01 06 payload 0x26"
"000357","0x02C","00","recorder RX","RX 01 06 payload 0x27"
"000357","0x02D","00","recorder RX","RX 01 06 payload 0x28"
"000357","0x02E","00","recorder RX","RX 01 06 payload 0x29"
"000357","0x02F","00","recorder RX","RX 01 06 payload 0x2A"
"000357","0x030","03","recorder RX","RX 01 06 payload 0x2B"
"000357","0x031","02","recorder RX","RX 01 06 payload 0x2C"
"000357","0x032","00","recorder RX","RX 01 06 payload 0x2D"
"000357","0x033","00","recorder RX","RX 01 06 payload 0x2E"
"000357","0x034","00","recorder RX","RX 01 06 payload 0x2F"
"000357","0x035","00","recorder RX","RX 01 06 payload 0x30"
"000357","0x036","00","recorder RX","RX 01 06 payload 0x31"
"000357","0x037","00","recorder RX","RX 01 06 payload 0x32"
"000357","0x038","03","recorder RX","RX 01 06 payload 0x33"
"000357","0x039","02","recorder RX","RX 01 06 payload 0x34"
"000357","0x03A","00","recorder RX","RX 01 06 payload 0x35"
"000357","0x03B","00","recorder RX","RX 01 06 payload 0x36"
"000357","0x03C","00","recorder RX","RX 01 06 payload 0x37"
"000357","0x03D","00","recorder RX","RX 01 06 payload 0x38"
"000357","0x03E","00","recorder RX","RX 01 06 payload 0x39"
"000357","0x03F","00","recorder RX","RX 01 06 payload 0x3A"
"000357","0x040","03","recorder RX","RX 01 06 payload 0x3B"
"000357","0x041","02","recorder RX","RX 01 06 payload 0x3C"
"000357","0x042","00","recorder RX","RX 01 06 payload 0x3D"
"000357","0x043","00","recorder RX","RX 01 06 payload 0x3E"
"000357","0x044","00","recorder RX","RX 01 06 payload 0x3F"
"000357","0x045","00","recorder RX","RX 01 06 payload 0x40"
"000357","0x046","00","recorder RX","RX 01 06 payload 0x41"
"000357","0x047","00","recorder RX","RX 01 06 payload 0x42"
"000357","0x048","03","recorder RX","RX 01 06 payload 0x43"
"000357","0x049","02","recorder RX","RX 01 06 payload 0x44"
"000357","0x04A","00","recorder RX","RX 01 06 payload 0x45"
"000357","0x04B","00","recorder RX","RX 01 06 payload 0x46"
"000357","0x04C","00","recorder RX","RX 01 06 payload 0x47"
"000357","0x04D","00","recorder RX","RX 01 06 payload 0x48"
"000357","0x04E","00","recorder RX","RX 01 06 payload 0x49"
"000357","0x04F","00","recorder RX","RX 01 06 payload 0x4A"
"000357","0x050","03","recorder RX","RX 01 06 payload 0x4B"
"000357","0x051","02","recorder RX","RX 01 06 payload 0x4C"
"000357","0x052","00","recorder RX","RX 01 06 payload 0x4D"
"000357","0x053","00","recorder RX","RX 01 06 payload 0x4E"
"000357","0x054","00","recorder RX","RX 01 06 payload 0x4F"
"000357","0x055","00","recorder RX","RX 01 06 payload 0x50"
"000357","0x056","00","recorder RX","RX 01 06 payload 0x51"
"000357","0x057","00","recorder RX","RX 01 06 payload 0x52"
"000357","0x058","03","recorder RX","RX 01 06 payload 0x53"
"000357","0x059","02","recorder RX","RX 01 06 payload 0x54"
"000357","0x05A","00","recorder RX","RX 01 06 payload 0x55"
"000357","0x05B","00","recorder RX","RX 01 06 payload 0x56"
"000357","0x05C","00","recorder RX","RX 01 06 payload 0x57"
"000357","0x05D","00","recorder RX","RX 01 06 payload 0x58"
"000357","0x05E","00","recorder RX","RX 01 06 payload 0x59"
"000357","0x05F","00","recorder RX","RX 01 06 payload 0x5A"
"000357","0x060","00","recorder RX","RX 01 06 payload 0x5B"
"000357","0x061","00","recorder RX","RX 01 06 payload 0x5C"
"000357","0x062","00","recorder RX","RX 01 06 payload 0x5D"
"000357","0x063","00","recorder RX","RX 01 06 payload 0x5E"
"000357","0x064","00","recorder RX","RX 01 06 payload 0x5F"
"000357","0x065","00","recorder RX","RX 01 06 payload 0x60"
"000357","0x066","00","recorder RX","RX 01 06 payload 0x61"
"000357","0x067","00","recorder RX","RX 01 06 payload 0x62"
"000357","0x068","00","recorder RX","RX 01 06 payload 0x63"
"000357","0x069","00","recorder RX","RX 01 06 payload 0x64"
"000357","0x06A","00","recorder RX","RX 01 06 payload 0x65"
"000357","0x06B","00","recorder RX","RX 01 06 payload 0x66"
"000357","0x06C","00","recorder RX","RX 01 06 payload 0x67"
"000357","0x06D","00","recorder RX","RX 01 06 payload 0x68"
"000357","0x06E","00","recorder RX","RX 01 06 payload 0x69"
"000357","0x06F","00","recorder RX","RX 01 06 payload 0x6A"
"000357","0x070","00","recorder RX","RX 01 06 payload 0x6D"
"000357","0x071","00","recorder RX","RX 01 06 payload 0x6E"
"000357","0x072","00","recorder RX","RX 01 06 payload 0x6F"
"000357","0x073","00","recorder RX","RX 01 06 payload 0x70"
"000357","0x074","00","recorder RX","RX 01 06 payload 0x71"
"000357","0x075","00","recorder RX","RX 01 06 payload 0x72"
"000357","0x076","00","recorder RX","RX 01 06 payload 0x73"
"000357","0x077","00","recorder RX","RX 01 06 payload 0x74"
"000357","0x078","00","recorder RX","RX 01 06 payload 0x75"
"000357","0x079","00","recorder RX","RX 01 06 payload 0x76"
"000357","0x07A","00","recorder RX","RX 01 06 payload 0x77"
"000357","0x07B","00","recorder RX","RX 01 06 payload 0x78"
"000357","0x07C","00","recorder RX","RX 01 06 payload 0x79"
"000357","0x07D","00","recorder RX","RX 01 06 payload 0x7A"
"000357","0x07E","00","recorder RX","RX 01 06 payload 0x7B"
"000357","0x07F","00","recorder RX","RX 01 06 payload 0x7C"
"000357","0x080","00","recorder RX","RX 01 06 payload 0x7D"
"000357","0x081","00","recorder RX","RX 01 06 payload 0x7E"
"000357","0x082","00","recorder RX","RX 01 06 payload 0x7F"
"000357","0x083","00","recorder RX","RX 01 06 payload 0x80"
"000357","0x084","00","recorder RX","RX 01 06 payload 0x81"
"000357","0x085","00","recorder RX","RX 01 06 payload 0x82"
"000357","0x086","00","protocol constant","proven structural zero insertion after RX page 3 payload 0x6B..0x6C removal"
"000357","0x087","00","protocol constant","proven structural zero insertion after RX page 3 payload 0x6B..0x6C removal"
"000357","0x088","03","recorder RX","RX 01 06 payload 0x83"
"000357","0x089","02","recorder RX","RX 01 06 payload 0x84"
"000357","0x08A","00","recorder RX","RX 01 06 payload 0x85"
"000357","0x08B","00","recorder RX","RX 01 06 payload 0x86"
"000357","0x08C","00","recorder RX","RX 01 06 payload 0x87"
"000357","0x08D","00","recorder RX","RX 01 06 payload 0x88"
"000357","0x08E","00","recorder RX","RX 01 06 payload 0x89"
"000357","0x08F","00","recorder RX","RX 01 06 payload 0x8A"
"000357","0x090","03","recorder RX","RX 01 06 payload 0x8B"
"000357","0x091","02","recorder RX","RX 01 06 payload 0x8C"
"000357","0x092","00","recorder RX","RX 01 06 payload 0x8D"
"000357","0x093","00","recorder RX","RX 01 06 payload 0x8E"
"000357","0x094","00","recorder RX","RX 01 06 payload 0x8F"
"000357","0x095","00","recorder RX","RX 01 06 payload 0x90"
"000357","0x096","00","recorder RX","RX 01 06 payload 0x91"
"000357","0x097","00","recorder RX","RX 01 06 payload 0x92"
"000357","0x098","03","recorder RX","RX 01 06 payload 0x93"
"000357","0x099","02","recorder RX","RX 01 06 payload 0x94"
"000357","0x09A","00","recorder RX","RX 01 06 payload 0x95"
"000357","0x09B","00","recorder RX","RX 01 06 payload 0x96"
"000357","0x09C","00","recorder RX","RX 01 06 payload 0x97"
"000357","0x09D","00","recorder RX","RX 01 06 payload 0x98"
"000357","0x09E","00","recorder RX","RX 01 06 payload 0x99"
"000357","0x09F","00","recorder RX","RX 01 06 payload 0x9A"
"000357","0x0A0","03","recorder RX","RX 01 06 payload 0x9B"
"000357","0x0A1","02","recorder RX","RX 01 06 payload 0x9C"
"000357","0x0A2","00","recorder RX","RX 01 06 payload 0x9D"
"000357","0x0A3","00","recorder RX","RX 01 06 payload 0x9E"
"000357","0x0A4","00","recorder RX","RX 01 06 payload 0x9F"
"000357","0x0A5","00","recorder RX","RX 01 06 payload 0xA0"
"000357","0x0A6","00","recorder RX","RX 01 06 payload 0xA1"
"000357","0x0A7","00","recorder RX","RX 01 06 payload 0xA2"
"000357","0x0A8","03","recorder RX","RX 01 06 payload 0xA3"
"000357","0x0A9","02","recorder RX","RX 01 06 payload 0xA4"
"000357","0x0AA","00","recorder RX","RX 01 06 payload 0xA5"
"000357","0x0AB","00","recorder RX","RX 01 06 payload 0xA6"
"000357","0x0AC","00","recorder RX","RX 01 06 payload 0xA7"
"000357","0x0AD","00","recorder RX","RX 01 06 payload 0xA8"
"000357","0x0AE","00","recorder RX","RX 01 06 payload 0xA9"
"000357","0x0AF","00","recorder RX","RX 01 06 payload 0xAA"
"000357","0x0B0","03","recorder RX","RX 01 06 payload 0xAB"
"000357","0x0B1","02","recorder RX","RX 01 06 payload 0xAC"
"000357","0x0B2","00","recorder RX","RX 01 06 payload 0xAD"
"000357","0x0B3","00","recorder RX","RX 01 06 payload 0xAE"
"000357","0x0B4","00","recorder RX","RX 01 06 payload 0xAF"
"000357","0x0B5","00","recorder RX","RX 01 06 payload 0xB0"
"000357","0x0B6","00","recorder RX","RX 01 06 payload 0xB1"
"000357","0x0B7","00","recorder RX","RX 01 06 payload 0xB2"
"000357","0x0B8","03","recorder RX","RX 01 06 payload 0xB3"
"000357","0x0B9","02","recorder RX","RX 01 06 payload 0xB4"
"000357","0x0BA","00","recorder RX","RX 01 06 payload 0xB5"
"000357","0x0BB","00","recorder RX","RX 01 06 payload 0xB6"
"000357","0x0BC","00","recorder RX","RX 01 06 payload 0xB7"
"000357","0x0BD","00","recorder RX","RX 01 06 payload 0xB8"
"000357","0x0BE","00","recorder RX","RX 01 06 payload 0xB9"
"000357","0x0BF","00","recorder RX","RX 01 06 payload 0xBA"
"000357","0x0C0","03","recorder RX","RX 01 06 payload 0xBB"
"000357","0x0C1","02","recorder RX","RX 01 06 payload 0xBC"
"000357","0x0C2","00","recorder RX","RX 01 06 payload 0xBD"
"000357","0x0C3","00","recorder RX","RX 01 06 payload 0xBE"
"000357","0x0C4","00","recorder RX","RX 01 06 payload 0xBF"
"000357","0x0C5","00","recorder RX","RX 01 06 payload 0xC0"
"000357","0x0C6","00","recorder RX","RX 01 06 payload 0xC1"
"000357","0x0C7","00","recorder RX","RX 01 06 payload 0xC2"
"000357","0x0C8","03","recorder RX","RX 01 06 payload 0xC3"
"000357","0x0C9","02","recorder RX","RX 01 06 payload 0xC4"
"000357","0x0CA","00","recorder RX","RX 01 06 payload 0xC5"
"000357","0x0CB","00","recorder RX","RX 01 06 payload 0xC6"
"000357","0x0CC","00","recorder RX","RX 01 06 payload 0xC7"
"000357","0x0CD","00","recorder RX","RX 01 06 payload 0xC8"
"000357","0x0CE","00","recorder RX","RX 01 06 payload 0xC9"
"000357","0x0CF","00","recorder RX","RX 01 06 payload 0xCA"
"000357","0x0D0","00","recorder RX","RX 01 06 payload 0xCD"
"000357","0x0D1","00","recorder RX","RX 01 06 payload 0xCE"
"000357","0x0D2","00","recorder RX","RX 01 06 payload 0xCF"
"000357","0x0D3","00","recorder RX","RX 01 06 payload 0xD0"
"000357","0x0D4","00","recorder RX","RX 01 06 payload 0xD1"
"000357","0x0D5","00","recorder RX","RX 01 06 payload 0xD2"
"000357","0x0D6","00","protocol constant","proven structural zero insertion after RX page 3 payload 0xCB..0xCC removal"
"000357","0x0D7","00","protocol constant","proven structural zero insertion after RX page 3 payload 0xCB..0xCC removal"
"000357","0x0D8","03","recorder RX","RX 01 06 payload 0xD3"
"000357","0x0D9","02","recorder RX","RX 01 06 payload 0xD4"
"000357","0x0DA","00","recorder RX","RX 01 06 payload 0xD5"
"000357","0x0DB","00","recorder RX","RX 01 06 payload 0xD6"
"000357","0x0DC","00","recorder RX","RX 01 06 payload 0xD7"
"000357","0x0DD","00","recorder RX","RX 01 06 payload 0xD8"
"000357","0x0DE","00","recorder RX","RX 01 06 payload 0xD9"
"000357","0x0DF","00","recorder RX","RX 01 06 payload 0xDA"
"000357","0x0E0","03","recorder RX","RX 01 06 payload 0xDB"
"000357","0x0E1","02","recorder RX","RX 01 06 payload 0xDC"
"000357","0x0E2","00","recorder RX","RX 01 06 payload 0xDD"
"000357","0x0E3","00","recorder RX","RX 01 06 payload 0xDE"
"000357","0x0E4","00","recorder RX","RX 01 06 payload 0xDF"
"000357","0x0E5","00","recorder RX","RX 01 06 payload 0xE0"
"000357","0x0E6","00","recorder RX","RX 01 06 payload 0xE1"
"000357","0x0E7","00","recorder RX","RX 01 06 payload 0xE2"
"000357","0x0E8","00","recorder RX","RX 01 06 payload 0xE3"
"000357","0x0E9","00","recorder RX","RX 01 06 payload 0xE4"
"000357","0x0EA","00","recorder RX","RX 01 06 payload 0xE5"
"000357","0x0EB","00","recorder RX","RX 01 06 payload 0xE6"
"000357","0x0EC","00","recorder RX","RX 01 06 payload 0xE7"
"000357","0x0ED","00","recorder RX","RX 01 06 payload 0xE8"
"000357","0x0EE","00","recorder RX","RX 01 06 payload 0xE9"
"000357","0x0EF","00","recorder RX","RX 01 06 payload 0xEA"
"000357","0x0F0","00","recorder RX","RX 01 06 payload 0xED"
"000357","0x0F1","00","recorder RX","RX 01 06 payload 0xEE"
"000357","0x0F2","00","recorder RX","RX 01 06 payload 0xEF"
"000357","0x0F3","00","recorder RX","RX 01 06 payload 0xF0"
"000357","0x0F4","00","recorder RX","RX 01 06 payload 0xF1"
"000357","0x0F5","00","recorder RX","RX 01 06 payload 0xF2"
"000357","0x0F6","00","recorder RX","RX 01 06 payload 0xF3"
"000357","0x0F7","00","recorder RX","RX 01 06 payload 0xF4"
"000357","0x0F8","00","recorder RX","RX 01 06 payload 0xF5"
"000357","0x0F9","00","recorder RX","RX 01 06 payload 0xF6"
"000357","0x0FA","00","recorder RX","RX 01 06 payload 0xF7"
"000357","0x0FB","00","recorder RX","RX 01 06 payload 0xF8"
"000357","0x0FC","00","recorder RX","RX 01 06 payload 0xF9"
"000357","0x0FD","00","recorder RX","RX 01 06 payload 0xFA"
"000357","0x0FE","00","recorder RX","RX 01 06 payload 0xFB"
"000357","0x0FF","00","recorder RX","RX 01 06 payload 0xFC"
"000357","0x100","00","recorder RX","RX 01 06 payload 0xFD"
"000357","0x101","00","recorder RX","RX 01 06 payload 0xFE"
"000357","0x102","00","recorder RX","RX 01 08 payload 0x00"
"000357","0x103","00","recorder RX","RX 01 08 payload 0x01"
"000357","0x104","00","recorder RX","RX 01 08 payload 0x02"
"000357","0x105","00","recorder RX","RX 01 08 payload 0x03"
"000357","0x106","00","recorder RX","RX 01 08 payload 0x04"
"000357","0x107","00","recorder RX","RX 01 08 payload 0x05"
"000357","0x108","03","protocol constant","proven frame/header constant"
"000357","0x109","6B","calculated field/checksum","payload sum modulo 256"
"000357","0x10A","04","protocol constant","proven frame/header constant"
"000378","0x000","01","protocol constant","proven frame/header constant"
"000378","0x001","04","recorder RX","RX 01 08 frame offset 0x003"
"000378","0x002","00","protocol constant","proven frame/header constant"
"000378","0x003","04","recorder RX","RX 01 08 frame offset 0x003"
"000378","0x004","00","recorder RX","RX 01 08 frame offset 0x004"
"000378","0x005","01","recorder RX","RX 01 08 frame offset 0x005"
"000378","0x006","01","recorder RX","RX 01 08 frame offset 0x006"
"000378","0x007","FF","calculated field/checksum","generated payload length"
"000378","0x008","02","protocol constant","proven frame/header constant"
"000378","0x009","00","recorder RX","RX 01 08 payload 0x06"
"000378","0x00A","00","recorder RX","RX 01 08 payload 0x07"
"000378","0x00B","00","recorder RX","RX 01 08 payload 0x08"
"000378","0x00C","00","recorder RX","RX 01 08 payload 0x09"
"000378","0x00D","00","recorder RX","RX 01 08 payload 0x0A"
"000378","0x00E","00","recorder RX","RX 01 08 payload 0x0B"
"000378","0x00F","00","protocol constant","proven cross-page zero insertion after RX page 3 payload 0xEB..0xEC removal"
"000378","0x010","00","protocol constant","proven cross-page zero insertion after RX page 3 payload 0xEB..0xEC removal"
"000378","0x011","03","recorder RX","RX 01 08 payload 0x0C"
"000378","0x012","02","recorder RX","RX 01 08 payload 0x0D"
"000378","0x013","00","recorder RX","RX 01 08 payload 0x0E"
"000378","0x014","00","recorder RX","RX 01 08 payload 0x0F"
"000378","0x015","00","recorder RX","RX 01 08 payload 0x10"
"000378","0x016","00","recorder RX","RX 01 08 payload 0x11"
"000378","0x017","00","recorder RX","RX 01 08 payload 0x12"
"000378","0x018","00","recorder RX","RX 01 08 payload 0x13"
"000378","0x019","03","recorder RX","RX 01 08 payload 0x14"
"000378","0x01A","02","recorder RX","RX 01 08 payload 0x15"
"000378","0x01B","00","recorder RX","RX 01 08 payload 0x16"
"000378","0x01C","00","recorder RX","RX 01 08 payload 0x17"
"000378","0x01D","00","recorder RX","RX 01 08 payload 0x18"
"000378","0x01E","00","recorder RX","RX 01 08 payload 0x19"
"000378","0x01F","00","recorder RX","RX 01 08 payload 0x1A"
"000378","0x020","00","recorder RX","RX 01 08 payload 0x1B"
"000378","0x021","03","recorder RX","RX 01 08 payload 0x1C"
"000378","0x022","02","recorder RX","RX 01 08 payload 0x1D"
"000378","0x023","00","recorder RX","RX 01 08 payload 0x1E"
"000378","0x024","00","recorder RX","RX 01 08 payload 0x1F"
"000378","0x025","00","recorder RX","RX 01 08 payload 0x20"
"000378","0x026","00","recorder RX","RX 01 08 payload 0x21"
"000378","0x027","00","recorder RX","RX 01 08 payload 0x22"
"000378","0x028","00","recorder RX","RX 01 08 payload 0x23"
"000378","0x029","03","recorder RX","RX 01 08 payload 0x24"
"000378","0x02A","02","recorder RX","RX 01 08 payload 0x25"
"000378","0x02B","00","recorder RX","RX 01 08 payload 0x26"
"000378","0x02C","00","recorder RX","RX 01 08 payload 0x27"
"000378","0x02D","00","recorder RX","RX 01 08 payload 0x28"
"000378","0x02E","00","recorder RX","RX 01 08 payload 0x29"
"000378","0x02F","00","recorder RX","RX 01 08 payload 0x2A"
"000378","0x030","00","recorder RX","RX 01 08 payload 0x2B"
"000378","0x031","03","recorder RX","RX 01 08 payload 0x2C"
"000378","0x032","02","recorder RX","RX 01 08 payload 0x2D"
"000378","0x033","00","recorder RX","RX 01 08 payload 0x2E"
"000378","0x034","00","recorder RX","RX 01 08 payload 0x2F"
"000378","0x035","00","recorder RX","RX 01 08 payload 0x30"
"000378","0x036","00","recorder RX","RX 01 08 payload 0x31"
"000378","0x037","00","recorder RX","RX 01 08 payload 0x32"
"000378","0x038","00","recorder RX","RX 01 08 payload 0x33"
"000378","0x039","03","recorder RX","RX 01 08 payload 0x34"
"000378","0x03A","02","recorder RX","RX 01 08 payload 0x35"
"000378","0x03B","00","recorder RX","RX 01 08 payload 0x36"
"000378","0x03C","00","recorder RX","RX 01 08 payload 0x37"
"000378","0x03D","00","recorder RX","RX 01 08 payload 0x38"
"000378","0x03E","00","recorder RX","RX 01 08 payload 0x39"
"000378","0x03F","00","recorder RX","RX 01 08 payload 0x3A"
"000378","0x040","00","recorder RX","RX 01 08 payload 0x3B"
"000378","0x041","03","recorder RX","RX 01 08 payload 0x3C"
"000378","0x042","02","recorder RX","RX 01 08 payload 0x3D"
"000378","0x043","00","recorder RX","RX 01 08 payload 0x3E"
"000378","0x044","00","recorder RX","RX 01 08 payload 0x3F"
"000378","0x045","00","recorder RX","RX 01 08 payload 0x40"
"000378","0x046","00","recorder RX","RX 01 08 payload 0x41"
"000378","0x047","00","recorder RX","RX 01 08 payload 0x42"
"000378","0x048","00","recorder RX","RX 01 08 payload 0x43"
"000378","0x049","03","recorder RX","RX 01 08 payload 0x44"
"000378","0x04A","02","recorder RX","RX 01 08 payload 0x45"
"000378","0x04B","00","recorder RX","RX 01 08 payload 0x46"
"000378","0x04C","00","recorder RX","RX 01 08 payload 0x47"
"000378","0x04D","00","recorder RX","RX 01 08 payload 0x48"
"000378","0x04E","00","recorder RX","RX 01 08 payload 0x49"
"000378","0x04F","00","recorder RX","RX 01 08 payload 0x4A"
"000378","0x050","00","recorder RX","RX 01 08 payload 0x4B"
"000378","0x051","03","recorder RX","RX 01 08 payload 0x4C"
"000378","0x052","02","recorder RX","RX 01 08 payload 0x4D"
"000378","0x053","00","recorder RX","RX 01 08 payload 0x4E"
"000378","0x054","00","recorder RX","RX 01 08 payload 0x4F"
"000378","0x055","00","recorder RX","RX 01 08 payload 0x50"
"000378","0x056","00","recorder RX","RX 01 08 payload 0x51"
"000378","0x057","00","recorder RX","RX 01 08 payload 0x52"
"000378","0x058","00","recorder RX","RX 01 08 payload 0x53"
"000378","0x059","03","recorder RX","RX 01 08 payload 0x54"
"000378","0x05A","02","recorder RX","RX 01 08 payload 0x55"
"000378","0x05B","00","recorder RX","RX 01 08 payload 0x56"
"000378","0x05C","00","recorder RX","RX 01 08 payload 0x57"
"000378","0x05D","00","recorder RX","RX 01 08 payload 0x58"
"000378","0x05E","00","recorder RX","RX 01 08 payload 0x59"
"000378","0x05F","00","recorder RX","RX 01 08 payload 0x5A"
"000378","0x060","00","recorder RX","RX 01 08 payload 0x5B"
"000378","0x061","00","recorder RX","RX 01 08 payload 0x5E"
"000378","0x062","00","recorder RX","RX 01 08 payload 0x5F"
"000378","0x063","00","recorder RX","RX 01 08 payload 0x60"
"000378","0x064","00","recorder RX","RX 01 08 payload 0x61"
"000378","0x065","00","recorder RX","RX 01 08 payload 0x62"
"000378","0x066","00","recorder RX","RX 01 08 payload 0x63"
"000378","0x067","00","protocol constant","proven structural zero insertion after RX page 4 payload 0x5C..0x5D removal"
"000378","0x068","00","protocol constant","proven structural zero insertion after RX page 4 payload 0x5C..0x5D removal"
"000378","0x069","03","recorder RX","RX 01 08 payload 0x64"
"000378","0x06A","02","recorder RX","RX 01 08 payload 0x65"
"000378","0x06B","00","recorder RX","RX 01 08 payload 0x66"
"000378","0x06C","00","recorder RX","RX 01 08 payload 0x67"
"000378","0x06D","00","recorder RX","RX 01 08 payload 0x68"
"000378","0x06E","00","recorder RX","RX 01 08 payload 0x69"
"000378","0x06F","00","recorder RX","RX 01 08 payload 0x6A"
"000378","0x070","00","recorder RX","RX 01 08 payload 0x6B"
"000378","0x071","00","recorder RX","RX 01 08 payload 0x6C"
"000378","0x072","00","recorder RX","RX 01 08 payload 0x6D"
"000378","0x073","00","recorder RX","RX 01 08 payload 0x6E"
"000378","0x074","00","recorder RX","RX 01 08 payload 0x6F"
"000378","0x075","00","recorder RX","RX 01 08 payload 0x70"
"000378","0x076","00","recorder RX","RX 01 08 payload 0x71"
"000378","0x077","00","recorder RX","RX 01 08 payload 0x72"
"000378","0x078","00","recorder RX","RX 01 08 payload 0x73"
"000378","0x079","00","recorder RX","RX 01 08 payload 0x76"
"000378","0x07A","00","recorder RX","RX 01 08 payload 0x77"
"000378","0x07B","00","recorder RX","RX 01 08 payload 0x78"
"000378","0x07C","00","recorder RX","RX 01 08 payload 0x79"
"000378","0x07D","00","recorder RX","RX 01 08 payload 0x7A"
"000378","0x07E","00","recorder RX","RX 01 08 payload 0x7B"
"000378","0x07F","00","recorder RX","RX 01 08 payload 0x7C"
"000378","0x080","00","recorder RX","RX 01 08 payload 0x7D"
"000378","0x081","00","recorder RX","RX 01 08 payload 0x7E"
"000378","0x082","00","recorder RX","RX 01 08 payload 0x7F"
"000378","0x083","00","recorder RX","RX 01 08 payload 0x80"
"000378","0x084","00","recorder RX","RX 01 08 payload 0x81"
"000378","0x085","00","recorder RX","RX 01 08 payload 0x82"
"000378","0x086","00","recorder RX","RX 01 08 payload 0x83"
"000378","0x087","00","recorder RX","RX 01 08 payload 0x84"
"000378","0x088","00","recorder RX","RX 01 08 payload 0x85"
"000378","0x089","00","recorder RX","RX 01 08 payload 0x86"
"000378","0x08A","00","recorder RX","RX 01 08 payload 0x87"
"000378","0x08B","00","recorder RX","RX 01 08 payload 0x88"
"000378","0x08C","00","recorder RX","RX 01 08 payload 0x89"
"000378","0x08D","00","recorder RX","RX 01 08 payload 0x8A"
"000378","0x08E","00","recorder RX","RX 01 08 payload 0x8B"
"000378","0x08F","00","recorder RX","RX 01 08 payload 0x8C"
"000378","0x090","00","recorder RX","RX 01 08 payload 0x8D"
"000378","0x091","00","recorder RX","RX 01 08 payload 0x8E"
"000378","0x092","00","recorder RX","RX 01 08 payload 0x8F"
"000378","0x093","00","recorder RX","RX 01 08 payload 0x90"
"000378","0x094","00","recorder RX","RX 01 08 payload 0x91"
"000378","0x095","00","recorder RX","RX 01 08 payload 0x92"
"000378","0x096","00","recorder RX","RX 01 08 payload 0x93"
"000378","0x097","00","protocol constant","proven structural zero insertion after RX page 4 payload 0x74..0x75 removal"
"000378","0x098","00","protocol constant","proven structural zero insertion after RX page 4 payload 0x74..0x75 removal"
"000378","0x099","03","recorder RX","RX 01 08 payload 0x94"
"000378","0x09A","02","recorder RX","RX 01 08 payload 0x95"
"000378","0x09B","00","recorder RX","RX 01 08 payload 0x96"
"000378","0x09C","00","recorder RX","RX 01 08 payload 0x97"
"000378","0x09D","00","recorder RX","RX 01 08 payload 0x98"
"000378","0x09E","00","recorder RX","RX 01 08 payload 0x99"
"000378","0x09F","00","recorder RX","RX 01 08 payload 0x9A"
"000378","0x0A0","00","recorder RX","RX 01 08 payload 0x9B"
"000378","0x0A1","03","recorder RX","RX 01 08 payload 0x9C"
"000378","0x0A2","02","recorder RX","RX 01 08 payload 0x9D"
"000378","0x0A3","00","recorder RX","RX 01 08 payload 0x9E"
"000378","0x0A4","00","recorder RX","RX 01 08 payload 0x9F"
"000378","0x0A5","00","recorder RX","RX 01 08 payload 0xA0"
"000378","0x0A6","00","recorder RX","RX 01 08 payload 0xA1"
"000378","0x0A7","00","recorder RX","RX 01 08 payload 0xA2"
"000378","0x0A8","00","recorder RX","RX 01 08 payload 0xA3"
"000378","0x0A9","03","recorder RX","RX 01 08 payload 0xA4"
"000378","0x0AA","02","recorder RX","RX 01 08 payload 0xA5"
"000378","0x0AB","00","recorder RX","RX 01 08 payload 0xA6"
"000378","0x0AC","00","recorder RX","RX 01 08 payload 0xA7"
"000378","0x0AD","00","recorder RX","RX 01 08 payload 0xA8"
"000378","0x0AE","00","recorder RX","RX 01 08 payload 0xA9"
"000378","0x0AF","00","recorder RX","RX 01 08 payload 0xAA"
"000378","0x0B0","00","recorder RX","RX 01 08 payload 0xAB"
"000378","0x0B1","03","recorder RX","RX 01 08 payload 0xAC"
"000378","0x0B2","02","recorder RX","RX 01 08 payload 0xAD"
"000378","0x0B3","00","recorder RX","RX 01 08 payload 0xAE"
"000378","0x0B4","00","recorder RX","RX 01 08 payload 0xAF"
"000378","0x0B5","00","recorder RX","RX 01 08 payload 0xB0"
"000378","0x0B6","00","recorder RX","RX 01 08 payload 0xB1"
"000378","0x0B7","00","recorder RX","RX 01 08 payload 0xB2"
"000378","0x0B8","00","recorder RX","RX 01 08 payload 0xB3"
"000378","0x0B9","03","recorder RX","RX 01 08 payload 0xB4"
"000378","0x0BA","02","recorder RX","RX 01 08 payload 0xB5"
"000378","0x0BB","00","recorder RX","RX 01 08 payload 0xB6"
"000378","0x0BC","00","recorder RX","RX 01 08 payload 0xB7"
"000378","0x0BD","00","recorder RX","RX 01 08 payload 0xB8"
"000378","0x0BE","00","recorder RX","RX 01 08 payload 0xB9"
"000378","0x0BF","00","recorder RX","RX 01 08 payload 0xBA"
"000378","0x0C0","00","recorder RX","RX 01 08 payload 0xBB"
"000378","0x0C1","03","recorder RX","RX 01 08 payload 0xBC"
"000378","0x0C2","02","recorder RX","RX 01 08 payload 0xBD"
"000378","0x0C3","00","recorder RX","RX 01 08 payload 0xBE"
"000378","0x0C4","00","recorder RX","RX 01 08 payload 0xBF"
"000378","0x0C5","00","recorder RX","RX 01 08 payload 0xC0"
"000378","0x0C6","00","recorder RX","RX 01 08 payload 0xC1"
"000378","0x0C7","00","recorder RX","RX 01 08 payload 0xC2"
"000378","0x0C8","00","recorder RX","RX 01 08 payload 0xC3"
"000378","0x0C9","03","recorder RX","RX 01 08 payload 0xC4"
"000378","0x0CA","02","recorder RX","RX 01 08 payload 0xC5"
"000378","0x0CB","00","recorder RX","RX 01 08 payload 0xC6"
"000378","0x0CC","00","recorder RX","RX 01 08 payload 0xC7"
"000378","0x0CD","00","recorder RX","RX 01 08 payload 0xC8"
"000378","0x0CE","00","recorder RX","RX 01 08 payload 0xC9"
"000378","0x0CF","00","recorder RX","RX 01 08 payload 0xCA"
"000378","0x0D0","00","recorder RX","RX 01 08 payload 0xCB"
"000378","0x0D1","03","recorder RX","RX 01 08 payload 0xCC"
"000378","0x0D2","02","recorder RX","RX 01 08 payload 0xCD"
"000378","0x0D3","00","recorder RX","RX 01 08 payload 0xCE"
"000378","0x0D4","00","recorder RX","RX 01 08 payload 0xCF"
"000378","0x0D5","00","recorder RX","RX 01 08 payload 0xD0"
"000378","0x0D6","00","recorder RX","RX 01 08 payload 0xD1"
"000378","0x0D7","00","recorder RX","RX 01 08 payload 0xD2"
"000378","0x0D8","00","recorder RX","RX 01 08 payload 0xD3"
"000378","0x0D9","03","recorder RX","RX 01 08 payload 0xD4"
"000378","0x0DA","02","recorder RX","RX 01 08 payload 0xD5"
"000378","0x0DB","00","recorder RX","RX 01 08 payload 0xD6"
"000378","0x0DC","00","recorder RX","RX 01 08 payload 0xD7"
"000378","0x0DD","00","recorder RX","RX 01 08 payload 0xD8"
"000378","0x0DE","00","recorder RX","RX 01 08 payload 0xD9"
"000378","0x0DF","00","recorder RX","RX 01 08 payload 0xDA"
"000378","0x0E0","00","recorder RX","RX 01 08 payload 0xDB"
"000378","0x0E1","03","recorder RX","RX 01 08 payload 0xDC"
"000378","0x0E2","02","recorder RX","RX 01 08 payload 0xDD"
"000378","0x0E3","00","recorder RX","RX 01 08 payload 0xDE"
"000378","0x0E4","00","recorder RX","RX 01 08 payload 0xDF"
"000378","0x0E5","00","recorder RX","RX 01 08 payload 0xE0"
"000378","0x0E6","00","recorder RX","RX 01 08 payload 0xE1"
"000378","0x0E7","00","recorder RX","RX 01 08 payload 0xE2"
"000378","0x0E8","00","recorder RX","RX 01 08 payload 0xE3"
"000378","0x0E9","00","recorder RX","RX 01 08 payload 0xE4"
"000378","0x0EA","02","recorder RX","RX 01 08 payload 0xE5"
"000378","0x0EB","00","recorder RX","RX 01 08 payload 0xE6"
"000378","0x0EC","00","recorder RX","RX 01 08 payload 0xE7"
"000378","0x0ED","00","recorder RX","RX 01 08 payload 0xE8"
"000378","0x0EE","00","recorder RX","RX 01 08 payload 0xE9"
"000378","0x0EF","00","recorder RX","RX 01 08 payload 0xEA"
"000378","0x0F0","00","recorder RX","RX 01 08 payload 0xEB"
"000378","0x0F1","00","recorder RX","RX 01 08 payload 0xEC"
"000378","0x0F2","02","recorder RX","RX 01 08 payload 0xED"
"000378","0x0F3","00","recorder RX","RX 01 08 payload 0xEE"
"000378","0x0F4","00","recorder RX","RX 01 08 payload 0xEF"
"000378","0x0F5","00","recorder RX","RX 01 08 payload 0xF0"
"000378","0x0F6","00","recorder RX","RX 01 08 payload 0xF1"
"000378","0x0F7","00","recorder RX","RX 01 08 payload 0xF2"
"000378","0x0F8","00","recorder RX","RX 01 08 payload 0xF3"
"000378","0x0F9","01","recorder RX","RX 01 08 payload 0xF4"
"000378","0x0FA","06","recorder RX","RX 01 08 payload 0xF5"
"000378","0x0FB","00","recorder RX","RX 01 08 payload 0xF6"
"000378","0x0FC","00","recorder RX","RX 01 08 payload 0xF7"
"000378","0x0FD","00","recorder RX","RX 01 08 payload 0xF8"
"000378","0x0FE","00","recorder RX","RX 01 08 payload 0xF9"
"000378","0x0FF","00","recorder RX","RX 01 08 payload 0xFA"
"000378","0x100","00","recorder RX","RX 01 08 payload 0xFB"
"000378","0x101","00","recorder RX","RX 01 08 payload 0xFC"
"000378","0x102","00","recorder RX","RX 01 08 payload 0xFD"
"000378","0x103","00","recorder RX","RX 01 08 payload 0xFE"
"000378","0x104","00","recorder RX","RX 01 0A payload 0x00"
"000378","0x105","00","recorder RX","RX 01 0A payload 0x01"
"000378","0x106","00","recorder RX","RX 01 0A payload 0x02"
"000378","0x107","00","recorder RX","RX 01 0A payload 0x03"
"000378","0x108","03","protocol constant","proven frame/header constant"
"000378","0x109","74","calculated field/checksum","payload sum modulo 256"
"000378","0x10A","04","protocol constant","proven frame/header constant"
"000401","0x000","01","protocol constant","proven frame/header constant"
"000401","0x001","05","recorder RX","RX 01 0A frame offset 0x003"
"000401","0x002","00","protocol constant","proven frame/header constant"
"000401","0x003","05","recorder RX","RX 01 0A frame offset 0x003"
"000401","0x004","00","recorder RX","RX 01 0A frame offset 0x004"
"000401","0x005","01","recorder RX","RX 01 0A frame offset 0x005"
"000401","0x006","01","recorder RX","RX 01 0A frame offset 0x006"
"000401","0x007","FF","calculated field/checksum","generated payload length"
"000401","0x008","02","protocol constant","proven frame/header constant"
"000401","0x009","00","recorder RX","RX 01 0A payload 0x04"
"000401","0x00A","00","recorder RX","RX 01 0A payload 0x05"
"000401","0x00B","00","recorder RX","RX 01 0A payload 0x06"
"000401","0x00C","00","recorder RX","RX 01 0A payload 0x07"
"000401","0x00D","00","recorder RX","RX 01 0A payload 0x08"
"000401","0x00E","00","recorder RX","RX 01 0A payload 0x09"
"000401","0x00F","00","recorder RX","RX 01 0A payload 0x0A"
"000401","0x010","00","recorder RX","RX 01 0A payload 0x0B"
"000401","0x011","00","recorder RX","RX 01 0A payload 0x0C"
"000401","0x012","00","recorder RX","RX 01 0A payload 0x0D"
"000401","0x013","00","recorder RX","RX 01 0A payload 0x0E"
"000401","0x014","00","recorder RX","RX 01 0A payload 0x0F"
"000401","0x015","00","recorder RX","RX 01 0A payload 0x10"
"000401","0x016","00","recorder RX","RX 01 0A payload 0x11"
"000401","0x017","00","recorder RX","RX 01 0A payload 0x12"
"000401","0x018","00","recorder RX","RX 01 0A payload 0x13"
"000401","0x019","00","recorder RX","RX 01 0A payload 0x14"
"000401","0x01A","00","recorder RX","RX 01 0A payload 0x15"
"000401","0x01B","00","recorder RX","RX 01 0A payload 0x16"
"000401","0x01C","00","recorder RX","RX 01 0A payload 0x17"
"000401","0x01D","00","recorder RX","RX 01 0A payload 0x18"
"000401","0x01E","00","recorder RX","RX 01 0A payload 0x19"
"000401","0x01F","00","recorder RX","RX 01 0A payload 0x1A"
"000401","0x020","00","recorder RX","RX 01 0A payload 0x1B"
"000401","0x021","00","recorder RX","RX 01 0A payload 0x1C"
"000401","0x022","00","recorder RX","RX 01 0A payload 0x1D"
"000401","0x023","00","recorder RX","RX 01 0A payload 0x1E"
"000401","0x024","00","recorder RX","RX 01 0A payload 0x1F"
"000401","0x025","00","recorder RX","RX 01 0A payload 0x20"
"000401","0x026","00","recorder RX","RX 01 0A payload 0x21"
"000401","0x027","00","recorder RX","RX 01 0A payload 0x22"
"000401","0x028","00","recorder RX","RX 01 0A payload 0x23"
"000401","0x029","00","recorder RX","RX 01 0A payload 0x24"
"000401","0x02A","00","recorder RX","RX 01 0A payload 0x25"
"000401","0x02B","00","recorder RX","RX 01 0A payload 0x26"
"000401","0x02C","00","recorder RX","RX 01 0A payload 0x27"
"000401","0x02D","00","recorder RX","RX 01 0A payload 0x28"
"000401","0x02E","00","recorder RX","RX 01 0A payload 0x29"
"000401","0x02F","00","recorder RX","RX 01 0A payload 0x2A"
"000401","0x030","00","recorder RX","RX 01 0A payload 0x2B"
"000401","0x031","00","recorder RX","RX 01 0A payload 0x2C"
"000401","0x032","00","recorder RX","RX 01 0A payload 0x2D"
"000401","0x033","00","recorder RX","RX 01 0A payload 0x2E"
"000401","0x034","00","recorder RX","RX 01 0A payload 0x2F"
"000401","0x035","00","recorder RX","RX 01 0A payload 0x30"
"000401","0x036","00","recorder RX","RX 01 0A payload 0x31"
"000401","0x037","00","recorder RX","RX 01 0A payload 0x32"
"000401","0x038","00","recorder RX","RX 01 0A payload 0x33"
"000401","0x039","00","recorder RX","RX 01 0A payload 0x34"
"000401","0x03A","00","recorder RX","RX 01 0A payload 0x35"
"000401","0x03B","00","recorder RX","RX 01 0A payload 0x36"
"000401","0x03C","00","recorder RX","RX 01 0A payload 0x37"
"000401","0x03D","00","recorder RX","RX 01 0A payload 0x38"
"000401","0x03E","00","recorder RX","RX 01 0A payload 0x39"
"000401","0x03F","00","recorder RX","RX 01 0A payload 0x3A"
"000401","0x040","00","recorder RX","RX 01 0A payload 0x3B"
"000401","0x041","00","recorder RX","RX 01 0A payload 0x3C"
"000401","0x042","00","recorder RX","RX 01 0A payload 0x3D"
"000401","0x043","00","recorder RX","RX 01 0A payload 0x3E"
"000401","0x044","00","recorder RX","RX 01 0A payload 0x3F"
"000401","0x045","00","recorder RX","RX 01 0A payload 0x40"
"000401","0x046","00","recorder RX","RX 01 0A payload 0x41"
"000401","0x047","00","recorder RX","RX 01 0A payload 0x42"
"000401","0x048","00","recorder RX","RX 01 0A payload 0x43"
"000401","0x049","00","recorder RX","RX 01 0A payload 0x44"
"000401","0x04A","00","recorder RX","RX 01 0A payload 0x45"
"000401","0x04B","00","recorder RX","RX 01 0A payload 0x46"
"000401","0x04C","00","recorder RX","RX 01 0A payload 0x47"
"000401","0x04D","00","recorder RX","RX 01 0A payload 0x48"
"000401","0x04E","00","recorder RX","RX 01 0A payload 0x49"
"000401","0x04F","00","recorder RX","RX 01 0A payload 0x4A"
"000401","0x050","00","recorder RX","RX 01 0A payload 0x4B"
"000401","0x051","00","recorder RX","RX 01 0A payload 0x4C"
"000401","0x052","00","recorder RX","RX 01 0A payload 0x4D"
"000401","0x053","00","recorder RX","RX 01 0A payload 0x4E"
"000401","0x054","00","recorder RX","RX 01 0A payload 0x4F"
"000401","0x055","00","recorder RX","RX 01 0A payload 0x50"
"000401","0x056","00","recorder RX","RX 01 0A payload 0x51"
"000401","0x057","00","recorder RX","RX 01 0A payload 0x52"
"000401","0x058","00","recorder RX","RX 01 0A payload 0x53"
"000401","0x059","00","recorder RX","RX 01 0A payload 0x54"
"000401","0x05A","00","recorder RX","RX 01 0A payload 0x55"
"000401","0x05B","00","recorder RX","RX 01 0A payload 0x56"
"000401","0x05C","00","recorder RX","RX 01 0A payload 0x57"
"000401","0x05D","00","recorder RX","RX 01 0A payload 0x58"
"000401","0x05E","00","recorder RX","RX 01 0A payload 0x59"
"000401","0x05F","00","recorder RX","RX 01 0A payload 0x5A"
"000401","0x060","00","recorder RX","RX 01 0A payload 0x5B"
"000401","0x061","00","recorder RX","RX 01 0A payload 0x5C"
"000401","0x062","00","recorder RX","RX 01 0A payload 0x5D"
"000401","0x063","00","recorder RX","RX 01 0A payload 0x5E"
"000401","0x064","00","recorder RX","RX 01 0A payload 0x5F"
"000401","0x065","00","recorder RX","RX 01 0A payload 0x60"
"000401","0x066","00","recorder RX","RX 01 0A payload 0x61"
"000401","0x067","00","recorder RX","RX 01 0A payload 0x62"
"000401","0x068","00","recorder RX","RX 01 0A payload 0x63"
"000401","0x069","00","recorder RX","RX 01 0A payload 0x64"
"000401","0x06A","00","recorder RX","RX 01 0A payload 0x65"
"000401","0x06B","00","recorder RX","RX 01 0A payload 0x66"
"000401","0x06C","00","recorder RX","RX 01 0A payload 0x67"
"000401","0x06D","00","recorder RX","RX 01 0A payload 0x68"
"000401","0x06E","00","recorder RX","RX 01 0A payload 0x69"
"000401","0x06F","00","recorder RX","RX 01 0A payload 0x6A"
"000401","0x070","00","recorder RX","RX 01 0A payload 0x6B"
"000401","0x071","00","recorder RX","RX 01 0A payload 0x6C"
"000401","0x072","00","recorder RX","RX 01 0A payload 0x6D"
"000401","0x073","00","recorder RX","RX 01 0A payload 0x6E"
"000401","0x074","00","recorder RX","RX 01 0A payload 0x6F"
"000401","0x075","00","recorder RX","RX 01 0A payload 0x70"
"000401","0x076","00","recorder RX","RX 01 0A payload 0x71"
"000401","0x077","00","recorder RX","RX 01 0A payload 0x72"
"000401","0x078","00","recorder RX","RX 01 0A payload 0x73"
"000401","0x079","00","recorder RX","RX 01 0A payload 0x74"
"000401","0x07A","00","recorder RX","RX 01 0A payload 0x75"
"000401","0x07B","00","recorder RX","RX 01 0A payload 0x76"
"000401","0x07C","00","recorder RX","RX 01 0A payload 0x77"
"000401","0x07D","00","recorder RX","RX 01 0A payload 0x78"
"000401","0x07E","00","recorder RX","RX 01 0A payload 0x79"
"000401","0x07F","00","recorder RX","RX 01 0A payload 0x7A"
"000401","0x080","00","recorder RX","RX 01 0A payload 0x7B"
"000401","0x081","00","recorder RX","RX 01 0A payload 0x7C"
"000401","0x082","00","recorder RX","RX 01 0A payload 0x7D"
"000401","0x083","00","recorder RX","RX 01 0A payload 0x7E"
"000401","0x084","00","recorder RX","RX 01 0A payload 0x7F"
"000401","0x085","00","recorder RX","RX 01 0A payload 0x80"
"000401","0x086","00","recorder RX","RX 01 0A payload 0x81"
"000401","0x087","00","recorder RX","RX 01 0A payload 0x82"
"000401","0x088","00","recorder RX","RX 01 0A payload 0x83"
"000401","0x089","00","recorder RX","RX 01 0A payload 0x84"
"000401","0x08A","00","recorder RX","RX 01 0A payload 0x85"
"000401","0x08B","00","recorder RX","RX 01 0A payload 0x86"
"000401","0x08C","00","recorder RX","RX 01 0A payload 0x87"
"000401","0x08D","00","recorder RX","RX 01 0A payload 0x88"
"000401","0x08E","00","recorder RX","RX 01 0A payload 0x89"
"000401","0x08F","00","recorder RX","RX 01 0A payload 0x8A"
"000401","0x090","00","recorder RX","RX 01 0A payload 0x8B"
"000401","0x091","00","recorder RX","RX 01 0A payload 0x8C"
"000401","0x092","00","recorder RX","RX 01 0A payload 0x8D"
"000401","0x093","00","recorder RX","RX 01 0A payload 0x8E"
"000401","0x094","00","recorder RX","RX 01 0A payload 0x8F"
"000401","0x095","00","recorder RX","RX 01 0A payload 0x90"
"000401","0x096","00","recorder RX","RX 01 0A payload 0x91"
"000401","0x097","00","recorder RX","RX 01 0A payload 0x92"
"000401","0x098","00","recorder RX","RX 01 0A payload 0x93"
"000401","0x099","00","recorder RX","RX 01 0A payload 0x94"
"000401","0x09A","00","recorder RX","RX 01 0A payload 0x95"
"000401","0x09B","00","recorder RX","RX 01 0A payload 0x96"
"000401","0x09C","00","recorder RX","RX 01 0A payload 0x97"
"000401","0x09D","00","recorder RX","RX 01 0A payload 0x98"
"000401","0x09E","00","recorder RX","RX 01 0A payload 0x99"
"000401","0x09F","00","recorder RX","RX 01 0A payload 0x9A"
"000401","0x0A0","00","recorder RX","RX 01 0A payload 0x9B"
"000401","0x0A1","00","recorder RX","RX 01 0A payload 0x9C"
"000401","0x0A2","00","recorder RX","RX 01 0A payload 0x9D"
"000401","0x0A3","00","recorder RX","RX 01 0A payload 0x9E"
"000401","0x0A4","00","recorder RX","RX 01 0A payload 0x9F"
"000401","0x0A5","00","recorder RX","RX 01 0A payload 0xA0"
"000401","0x0A6","00","recorder RX","RX 01 0A payload 0xA1"
"000401","0x0A7","00","recorder RX","RX 01 0A payload 0xA2"
"000401","0x0A8","00","recorder RX","RX 01 0A payload 0xA3"
"000401","0x0A9","00","recorder RX","RX 01 0A payload 0xA4"
"000401","0x0AA","00","recorder RX","RX 01 0A payload 0xA5"
"000401","0x0AB","00","recorder RX","RX 01 0A payload 0xA6"
"000401","0x0AC","00","recorder RX","RX 01 0A payload 0xA7"
"000401","0x0AD","00","recorder RX","RX 01 0A payload 0xA8"
"000401","0x0AE","00","recorder RX","RX 01 0A payload 0xA9"
"000401","0x0AF","00","recorder RX","RX 01 0A payload 0xAA"
"000401","0x0B0","00","recorder RX","RX 01 0A payload 0xAB"
"000401","0x0B1","00","recorder RX","RX 01 0A payload 0xAC"
"000401","0x0B2","00","recorder RX","RX 01 0A payload 0xAD"
"000401","0x0B3","00","recorder RX","RX 01 0A payload 0xAE"
"000401","0x0B4","00","recorder RX","RX 01 0A payload 0xAF"
"000401","0x0B5","00","recorder RX","RX 01 0A payload 0xB0"
"000401","0x0B6","00","recorder RX","RX 01 0A payload 0xB1"
"000401","0x0B7","00","recorder RX","RX 01 0A payload 0xB2"
"000401","0x0B8","00","recorder RX","RX 01 0A payload 0xB3"
"000401","0x0B9","00","recorder RX","RX 01 0A payload 0xB4"
"000401","0x0BA","00","recorder RX","RX 01 0A payload 0xB5"
"000401","0x0BB","00","recorder RX","RX 01 0A payload 0xB6"
"000401","0x0BC","00","recorder RX","RX 01 0A payload 0xB7"
"000401","0x0BD","00","recorder RX","RX 01 0A payload 0xB8"
"000401","0x0BE","00","recorder RX","RX 01 0A payload 0xB9"
"000401","0x0BF","00","recorder RX","RX 01 0A payload 0xBA"
"000401","0x0C0","00","recorder RX","RX 01 0A payload 0xBB"
"000401","0x0C1","00","recorder RX","RX 01 0A payload 0xBC"
"000401","0x0C2","00","recorder RX","RX 01 0A payload 0xBD"
"000401","0x0C3","00","recorder RX","RX 01 0A payload 0xBE"
"000401","0x0C4","00","recorder RX","RX 01 0A payload 0xBF"
"000401","0x0C5","00","recorder RX","RX 01 0A payload 0xC0"
"000401","0x0C6","00","recorder RX","RX 01 0A payload 0xC1"
"000401","0x0C7","00","recorder RX","RX 01 0A payload 0xC2"
"000401","0x0C8","00","recorder RX","RX 01 0A payload 0xC3"
"000401","0x0C9","00","recorder RX","RX 01 0A payload 0xC4"
"000401","0x0CA","00","recorder RX","RX 01 0A payload 0xC5"
"000401","0x0CB","00","recorder RX","RX 01 0A payload 0xC6"
"000401","0x0CC","00","recorder RX","RX 01 0A payload 0xC7"
"000401","0x0CD","00","recorder RX","RX 01 0A payload 0xC8"
"000401","0x0CE","00","recorder RX","RX 01 0A payload 0xC9"
"000401","0x0CF","00","recorder RX","RX 01 0A payload 0xCA"
"000401","0x0D0","00","recorder RX","RX 01 0A payload 0xCB"
"000401","0x0D1","00","recorder RX","RX 01 0A payload 0xCC"
"000401","0x0D2","00","recorder RX","RX 01 0A payload 0xCD"
"000401","0x0D3","00","recorder RX","RX 01 0A payload 0xCE"
"000401","0x0D4","00","recorder RX","RX 01 0A payload 0xCF"
"000401","0x0D5","00","recorder RX","RX 01 0A payload 0xD0"
"000401","0x0D6","00","recorder RX","RX 01 0A payload 0xD1"
"000401","0x0D7","00","recorder RX","RX 01 0A payload 0xD2"
"000401","0x0D8","00","recorder RX","RX 01 0A payload 0xD3"
"000401","0x0D9","00","recorder RX","RX 01 0A payload 0xD4"
"000401","0x0DA","00","recorder RX","RX 01 0A payload 0xD5"
"000401","0x0DB","00","recorder RX","RX 01 0A payload 0xD6"
"000401","0x0DC","00","recorder RX","RX 01 0A payload 0xD7"
"000401","0x0DD","00","recorder RX","RX 01 0A payload 0xD8"
"000401","0x0DE","00","recorder RX","RX 01 0A payload 0xD9"
"000401","0x0DF","00","recorder RX","RX 01 0A payload 0xDA"
"000401","0x0E0","00","recorder RX","RX 01 0A payload 0xDB"
"000401","0x0E1","00","recorder RX","RX 01 0A payload 0xDC"
"000401","0x0E2","00","recorder RX","RX 01 0A payload 0xDD"
"000401","0x0E3","00","recorder RX","RX 01 0A payload 0xDE"
"000401","0x0E4","00","recorder RX","RX 01 0A payload 0xDF"
"000401","0x0E5","00","recorder RX","RX 01 0A payload 0xE0"
"000401","0x0E6","00","recorder RX","RX 01 0A payload 0xE1"
"000401","0x0E7","00","recorder RX","RX 01 0A payload 0xE2"
"000401","0x0E8","00","recorder RX","RX 01 0A payload 0xE3"
"000401","0x0E9","00","recorder RX","RX 01 0A payload 0xE4"
"000401","0x0EA","00","recorder RX","RX 01 0A payload 0xE5"
"000401","0x0EB","00","recorder RX","RX 01 0A payload 0xE6"
"000401","0x0EC","00","recorder RX","RX 01 0A payload 0xE7"
"000401","0x0ED","00","recorder RX","RX 01 0A payload 0xE8"
"000401","0x0EE","00","recorder RX","RX 01 0A payload 0xE9"
"000401","0x0EF","00","recorder RX","RX 01 0A payload 0xEA"
"000401","0x0F0","00","recorder RX","RX 01 0A payload 0xEB"
"000401","0x0F1","00","recorder RX","RX 01 0A payload 0xEC"
"000401","0x0F2","00","recorder RX","RX 01 0A payload 0xED"
"000401","0x0F3","00","recorder RX","RX 01 0A payload 0xEE"
"000401","0x0F4","00","recorder RX","RX 01 0A payload 0xEF"
"000401","0x0F5","00","recorder RX","RX 01 0A payload 0xF0"
"000401","0x0F6","00","recorder RX","RX 01 0A payload 0xF1"
"000401","0x0F7","00","recorder RX","RX 01 0A payload 0xF2"
"000401","0x0F8","00","recorder RX","RX 01 0A payload 0xF3"
"000401","0x0F9","00","recorder RX","RX 01 0A payload 0xF4"
"000401","0x0FA","00","recorder RX","RX 01 0A payload 0xF5"
"000401","0x0FB","00","recorder RX","RX 01 0A payload 0xF6"
"000401","0x0FC","00","recorder RX","RX 01 0A payload 0xF7"
"000401","0x0FD","00","recorder RX","RX 01 0A payload 0xF8"
"000401","0x0FE","00","recorder RX","RX 01 0A payload 0xF9"
"000401","0x0FF","00","recorder RX","RX 01 0A payload 0xFA"
"000401","0x100","00","recorder RX","RX 01 0A payload 0xFB"
"000401","0x101","00","recorder RX","RX 01 0A payload 0xFC"
"000401","0x102","00","recorder RX","RX 01 0A payload 0xFD"
"000401","0x103","00","recorder RX","RX 01 0A payload 0xFE"
"000401","0x104","00","recorder RX","RX 01 0C payload 0x00"
"000401","0x105","00","recorder RX","RX 01 0C payload 0x01"
"000401","0x106","00","recorder RX","RX 01 0C payload 0x02"
"000401","0x107","00","recorder RX","RX 01 0C payload 0x03"
"000401","0x108","03","protocol constant","proven frame/header constant"
"000401","0x109","00","calculated field/checksum","payload sum modulo 256"
"000401","0x10A","04","protocol constant","proven frame/header constant"
"000423","0x000","01","protocol constant","proven frame/header constant"
"000423","0x001","06","recorder RX","RX 01 0C frame offset 0x003"
"000423","0x002","00","protocol constant","proven frame/header constant"
"000423","0x003","06","recorder RX","RX 01 0C frame offset 0x003"
"000423","0x004","01","recorder RX","RX 01 0C frame offset 0x004"
"000423","0x005","01","recorder RX","RX 01 0C frame offset 0x005"
"000423","0x006","01","recorder RX","RX 01 0C frame offset 0x006"
"000423","0x007","C6","calculated field/checksum","generated payload length"
"000423","0x008","02","protocol constant","proven frame/header constant"
"000423","0x009","00","recorder RX","RX 01 0C payload 0x04"
"000423","0x00A","00","recorder RX","RX 01 0C payload 0x05"
"000423","0x00B","00","recorder RX","RX 01 0C payload 0x06"
"000423","0x00C","00","recorder RX","RX 01 0C payload 0x07"
"000423","0x00D","00","recorder RX","RX 01 0C payload 0x08"
"000423","0x00E","00","recorder RX","RX 01 0C payload 0x09"
"000423","0x00F","00","recorder RX","RX 01 0C payload 0x0A"
"000423","0x010","00","recorder RX","RX 01 0C payload 0x0B"
"000423","0x011","00","recorder RX","RX 01 0C payload 0x0C"
"000423","0x012","00","recorder RX","RX 01 0C payload 0x0D"
"000423","0x013","00","recorder RX","RX 01 0C payload 0x0E"
"000423","0x014","00","recorder RX","RX 01 0C payload 0x0F"
"000423","0x015","00","recorder RX","RX 01 0C payload 0x10"
"000423","0x016","00","recorder RX","RX 01 0C payload 0x11"
"000423","0x017","00","recorder RX","RX 01 0C payload 0x12"
"000423","0x018","00","recorder RX","RX 01 0C payload 0x13"
"000423","0x019","00","recorder RX","RX 01 0C payload 0x14"
"000423","0x01A","00","recorder RX","RX 01 0C payload 0x15"
"000423","0x01B","00","recorder RX","RX 01 0C payload 0x16"
"000423","0x01C","00","recorder RX","RX 01 0C payload 0x17"
"000423","0x01D","00","recorder RX","RX 01 0C payload 0x18"
"000423","0x01E","00","recorder RX","RX 01 0C payload 0x19"
"000423","0x01F","00","recorder RX","RX 01 0C payload 0x1A"
"000423","0x020","00","recorder RX","RX 01 0C payload 0x1B"
"000423","0x021","00","recorder RX","RX 01 0C payload 0x1C"
"000423","0x022","00","recorder RX","RX 01 0C payload 0x1D"
"000423","0x023","00","recorder RX","RX 01 0C payload 0x1E"
"000423","0x024","00","recorder RX","RX 01 0C payload 0x1F"
"000423","0x025","00","recorder RX","RX 01 0C payload 0x20"
"000423","0x026","00","recorder RX","RX 01 0C payload 0x21"
"000423","0x027","00","recorder RX","RX 01 0C payload 0x22"
"000423","0x028","00","recorder RX","RX 01 0C payload 0x23"
"000423","0x029","00","recorder RX","RX 01 0C payload 0x24"
"000423","0x02A","00","recorder RX","RX 01 0C payload 0x25"
"000423","0x02B","00","recorder RX","RX 01 0C payload 0x26"
"000423","0x02C","00","recorder RX","RX 01 0C payload 0x27"
"000423","0x02D","00","recorder RX","RX 01 0C payload 0x28"
"000423","0x02E","00","recorder RX","RX 01 0C payload 0x29"
"000423","0x02F","00","recorder RX","RX 01 0C payload 0x2A"
"000423","0x030","00","recorder RX","RX 01 0C payload 0x2B"
"000423","0x031","00","recorder RX","RX 01 0C payload 0x2C"
"000423","0x032","00","recorder RX","RX 01 0C payload 0x2D"
"000423","0x033","00","recorder RX","RX 01 0C payload 0x2E"
"000423","0x034","00","recorder RX","RX 01 0C payload 0x2F"
"000423","0x035","00","recorder RX","RX 01 0C payload 0x30"
"000423","0x036","00","recorder RX","RX 01 0C payload 0x31"
"000423","0x037","00","recorder RX","RX 01 0C payload 0x32"
"000423","0x038","00","recorder RX","RX 01 0C payload 0x33"
"000423","0x039","00","recorder RX","RX 01 0C payload 0x34"
"000423","0x03A","00","recorder RX","RX 01 0C payload 0x35"
"000423","0x03B","00","recorder RX","RX 01 0C payload 0x36"
"000423","0x03C","00","recorder RX","RX 01 0C payload 0x37"
"000423","0x03D","00","recorder RX","RX 01 0C payload 0x38"
"000423","0x03E","00","recorder RX","RX 01 0C payload 0x39"
"000423","0x03F","00","recorder RX","RX 01 0C payload 0x3A"
"000423","0x040","00","recorder RX","RX 01 0C payload 0x3B"
"000423","0x041","00","recorder RX","RX 01 0C payload 0x3C"
"000423","0x042","00","recorder RX","RX 01 0C payload 0x3D"
"000423","0x043","00","recorder RX","RX 01 0C payload 0x3E"
"000423","0x044","00","recorder RX","RX 01 0C payload 0x3F"
"000423","0x045","00","recorder RX","RX 01 0C payload 0x40"
"000423","0x046","00","recorder RX","RX 01 0C payload 0x41"
"000423","0x047","00","recorder RX","RX 01 0C payload 0x42"
"000423","0x048","00","recorder RX","RX 01 0C payload 0x43"
"000423","0x049","00","recorder RX","RX 01 0C payload 0x44"
"000423","0x04A","00","recorder RX","RX 01 0C payload 0x45"
"000423","0x04B","00","recorder RX","RX 01 0C payload 0x46"
"000423","0x04C","00","recorder RX","RX 01 0C payload 0x47"
"000423","0x04D","00","recorder RX","RX 01 0C payload 0x48"
"000423","0x04E","00","recorder RX","RX 01 0C payload 0x49"
"000423","0x04F","00","recorder RX","RX 01 0C payload 0x4A"
"000423","0x050","00","recorder RX","RX 01 0C payload 0x4B"
"000423","0x051","00","recorder RX","RX 01 0C payload 0x4C"
"000423","0x052","00","recorder RX","RX 01 0C payload 0x4D"
"000423","0x053","00","recorder RX","RX 01 0C payload 0x4E"
"000423","0x054","00","recorder RX","RX 01 0C payload 0x4F"
"000423","0x055","00","recorder RX","RX 01 0C payload 0x50"
"000423","0x056","00","recorder RX","RX 01 0C payload 0x51"
"000423","0x057","00","recorder RX","RX 01 0C payload 0x52"
"000423","0x058","00","recorder RX","RX 01 0C payload 0x53"
"000423","0x059","00","recorder RX","RX 01 0C payload 0x54"
"000423","0x05A","00","recorder RX","RX 01 0C payload 0x55"
"000423","0x05B","00","recorder RX","RX 01 0C payload 0x56"
"000423","0x05C","00","recorder RX","RX 01 0C payload 0x57"
"000423","0x05D","00","recorder RX","RX 01 0C payload 0x58"
"000423","0x05E","00","recorder RX","RX 01 0C payload 0x59"
"000423","0x05F","00","recorder RX","RX 01 0C payload 0x5A"
"000423","0x060","00","recorder RX","RX 01 0C payload 0x5B"
"000423","0x061","00","recorder RX","RX 01 0C payload 0x5C"
"000423","0x062","00","recorder RX","RX 01 0C payload 0x5D"
"000423","0x063","00","recorder RX","RX 01 0C payload 0x5E"
"000423","0x064","00","recorder RX","RX 01 0C payload 0x5F"
"000423","0x065","00","recorder RX","RX 01 0C payload 0x60"
"000423","0x066","00","recorder RX","RX 01 0C payload 0x61"
"000423","0x067","00","recorder RX","RX 01 0C payload 0x62"
"000423","0x068","00","recorder RX","RX 01 0C payload 0x63"
"000423","0x069","00","recorder RX","RX 01 0C payload 0x64"
"000423","0x06A","00","recorder RX","RX 01 0C payload 0x65"
"000423","0x06B","00","recorder RX","RX 01 0C payload 0x66"
"000423","0x06C","00","recorder RX","RX 01 0C payload 0x67"
"000423","0x06D","00","recorder RX","RX 01 0C payload 0x68"
"000423","0x06E","00","recorder RX","RX 01 0C payload 0x69"
"000423","0x06F","00","recorder RX","RX 01 0C payload 0x6A"
"000423","0x070","00","recorder RX","RX 01 0C payload 0x6B"
"000423","0x071","00","recorder RX","RX 01 0C payload 0x6C"
"000423","0x072","00","recorder RX","RX 01 0C payload 0x6D"
"000423","0x073","00","recorder RX","RX 01 0C payload 0x6E"
"000423","0x074","00","recorder RX","RX 01 0C payload 0x6F"
"000423","0x075","00","recorder RX","RX 01 0C payload 0x70"
"000423","0x076","00","recorder RX","RX 01 0C payload 0x71"
"000423","0x077","00","recorder RX","RX 01 0C payload 0x72"
"000423","0x078","00","recorder RX","RX 01 0C payload 0x73"
"000423","0x079","00","recorder RX","RX 01 0C payload 0x74"
"000423","0x07A","00","recorder RX","RX 01 0C payload 0x75"
"000423","0x07B","00","recorder RX","RX 01 0C payload 0x76"
"000423","0x07C","00","recorder RX","RX 01 0C payload 0x77"
"000423","0x07D","00","recorder RX","RX 01 0C payload 0x78"
"000423","0x07E","00","recorder RX","RX 01 0C payload 0x79"
"000423","0x07F","00","recorder RX","RX 01 0C payload 0x7A"
"000423","0x080","00","recorder RX","RX 01 0C payload 0x7B"
"000423","0x081","00","recorder RX","RX 01 0C payload 0x7C"
"000423","0x082","00","recorder RX","RX 01 0C payload 0x7D"
"000423","0x083","00","recorder RX","RX 01 0C payload 0x7E"
"000423","0x084","00","recorder RX","RX 01 0C payload 0x7F"
"000423","0x085","00","recorder RX","RX 01 0C payload 0x80"
"000423","0x086","00","recorder RX","RX 01 0C payload 0x81"
"000423","0x087","00","recorder RX","RX 01 0C payload 0x82"
"000423","0x088","00","recorder RX","RX 01 0C payload 0x83"
"000423","0x089","00","recorder RX","RX 01 0C payload 0x84"
"000423","0x08A","00","recorder RX","RX 01 0C payload 0x85"
"000423","0x08B","00","recorder RX","RX 01 0C payload 0x86"
"000423","0x08C","00","recorder RX","RX 01 0C payload 0x87"
"000423","0x08D","00","recorder RX","RX 01 0C payload 0x88"
"000423","0x08E","00","recorder RX","RX 01 0C payload 0x89"
"000423","0x08F","00","recorder RX","RX 01 0C payload 0x8A"
"000423","0x090","00","recorder RX","RX 01 0C payload 0x8B"
"000423","0x091","00","recorder RX","RX 01 0C payload 0x8C"
"000423","0x092","00","recorder RX","RX 01 0C payload 0x8D"
"000423","0x093","00","recorder RX","RX 01 0C payload 0x8E"
"000423","0x094","00","recorder RX","RX 01 0C payload 0x8F"
"000423","0x095","00","recorder RX","RX 01 0C payload 0x90"
"000423","0x096","00","recorder RX","RX 01 0C payload 0x91"
"000423","0x097","00","recorder RX","RX 01 0C payload 0x92"
"000423","0x098","00","recorder RX","RX 01 0C payload 0x93"
"000423","0x099","00","recorder RX","RX 01 0C payload 0x94"
"000423","0x09A","00","recorder RX","RX 01 0C payload 0x95"
"000423","0x09B","00","recorder RX","RX 01 0C payload 0x96"
"000423","0x09C","00","recorder RX","RX 01 0C payload 0x97"
"000423","0x09D","00","recorder RX","RX 01 0C payload 0x98"
"000423","0x09E","00","recorder RX","RX 01 0C payload 0x99"
"000423","0x09F","00","recorder RX","RX 01 0C payload 0x9A"
"000423","0x0A0","00","recorder RX","RX 01 0C payload 0x9B"
"000423","0x0A1","00","recorder RX","RX 01 0C payload 0x9C"
"000423","0x0A2","00","recorder RX","RX 01 0C payload 0x9D"
"000423","0x0A3","00","recorder RX","RX 01 0C payload 0x9E"
"000423","0x0A4","00","recorder RX","RX 01 0C payload 0x9F"
"000423","0x0A5","00","recorder RX","RX 01 0C payload 0xA0"
"000423","0x0A6","00","recorder RX","RX 01 0C payload 0xA1"
"000423","0x0A7","00","recorder RX","RX 01 0C payload 0xA2"
"000423","0x0A8","00","recorder RX","RX 01 0C payload 0xA3"
"000423","0x0A9","00","recorder RX","RX 01 0C payload 0xA4"
"000423","0x0AA","00","recorder RX","RX 01 0C payload 0xA5"
"000423","0x0AB","00","recorder RX","RX 01 0C payload 0xA6"
"000423","0x0AC","00","recorder RX","RX 01 0C payload 0xA7"
"000423","0x0AD","00","recorder RX","RX 01 0C payload 0xA8"
"000423","0x0AE","00","recorder RX","RX 01 0C payload 0xA9"
"000423","0x0AF","00","recorder RX","RX 01 0C payload 0xAA"
"000423","0x0B0","00","recorder RX","RX 01 0C payload 0xAB"
"000423","0x0B1","00","recorder RX","RX 01 0C payload 0xAC"
"000423","0x0B2","00","recorder RX","RX 01 0C payload 0xAD"
"000423","0x0B3","00","recorder RX","RX 01 0C payload 0xAE"
"000423","0x0B4","00","recorder RX","RX 01 0C payload 0xAF"
"000423","0x0B5","00","recorder RX","RX 01 0C payload 0xB0"
"000423","0x0B6","00","recorder RX","RX 01 0C payload 0xB1"
"000423","0x0B7","00","recorder RX","RX 01 0C payload 0xB2"
"000423","0x0B8","00","recorder RX","RX 01 0C payload 0xB3"
"000423","0x0B9","00","recorder RX","RX 01 0C payload 0xB4"
"000423","0x0BA","00","recorder RX","RX 01 0C payload 0xB5"
"000423","0x0BB","00","recorder RX","RX 01 0C payload 0xB6"
"000423","0x0BC","00","recorder RX","RX 01 0C payload 0xB7"
"000423","0x0BD","00","recorder RX","RX 01 0C payload 0xB8"
"000423","0x0BE","00","recorder RX","RX 01 0C payload 0xB9"
"000423","0x0BF","00","recorder RX","RX 01 0C payload 0xBA"
"000423","0x0C0","00","recorder RX","RX 01 0C payload 0xBB"
"000423","0x0C1","00","recorder RX","RX 01 0C payload 0xBC"
"000423","0x0C2","00","recorder RX","RX 01 0C payload 0xBD"
"000423","0x0C3","00","recorder RX","RX 01 0C payload 0xBE"
"000423","0x0C4","00","recorder RX","RX 01 0C payload 0xBF"
"000423","0x0C5","00","recorder RX","RX 01 0C payload 0xC0"
"000423","0x0C6","00","recorder RX","RX 01 0C payload 0xC1"
"000423","0x0C7","00","recorder RX","RX 01 0C payload 0xC2"
"000423","0x0C8","00","recorder RX","RX 01 0C payload 0xC3"
"000423","0x0C9","00","recorder RX","RX 01 0C payload 0xC4"
"000423","0x0CA","00","recorder RX","RX 01 0C payload 0xC5"
"000423","0x0CB","00","recorder RX","RX 01 0C payload 0xC6"
"000423","0x0CC","00","recorder RX","RX 01 0C payload 0xC7"
"000423","0x0CD","40","protocol constant","proven continuous-stream terminal replacement"
"000423","0x0CE","00","recorder RX","RX 01 0C payload 0xC9"
"000423","0x0CF","03","protocol constant","proven frame/header constant"
"000423","0x0D0","40","calculated field/checksum","payload sum modulo 256"
"000423","0x0D1","04","protocol constant","proven frame/header constant"
